id,book_id,customer_id,date_out,date_in
1,219,1308,2011-11-21,2011-12-01
2,212,3423,2011-07-16,2011-07-21
3,199,3805,2019-07-30,2019-08-13
4,83,1800,2017-08-08,2017-08-18
5,445,3225,2015-07-15,2015-07-18
6,64,1192,2009-12-28,2009-12-30
7,184,4897,2021-09-21,2021-09-30
8,433,2926,2007-11-25,2007-12-10
9,408,3190,2002-04-24,2002-04-27
10,84,362,2016-07-11,2016-07-12
11,294,4856,2004-04-08,2004-04-20
12,253,1512,2001-04-16,2001-05-01
13,202,3203,2012-05-05,2012-05-17
14,72,3070,2017-11-30,2017-12-08
15,499,3753,2011-08-14,2011-08-20
16,372,3515,2012-08-07,2012-08-11
17,260,3950,2015-11-22,2015-11-23
18,461,1368,2007-09-23,2007-09-28
19,335,4630,2018-09-25,2018-10-09
20,452,3813,2015-06-11,2015-06-15
21,455,3624,2013-04-21,2013-05-06
22,27,2110,2016-12-08,2016-12-12
23,353,1956,2009-05-26,2009-06-09
24,387,2134,2018-04-22,2018-04-28
25,330,3377,2001-08-16,2001-08-18
26,456,2819,2013-01-05,2013-01-18
27,413,3854,2014-05-23,2014-05-25
28,96,4762,2006-01-11,2006-01-25
29,191,257,2006-01-02,2006-01-09
30,50,1420,2004-02-18,2004-02-26
31,19,4779,2004-03-19,2004-03-31
32,357,2645,2007-11-11,2007-11-21
33,3,1476,2017-01-08,2017-01-18
34,355,4555,2006-10-24,2006-10-28
35,35,4888,2007-08-21,2007-08-30
36,167,4248,2004-01-15,2004-01-20
37,223,4969,2021-04-17,2021-04-20
38,184,4385,2020-04-17,2020-04-29
39,9,3880,2005-09-19,2005-10-04
40,172,1978,2020-01-15,2020-01-30
41,78,3397,2003-08-05,2003-08-20
42,162,3840,2011-07-03,2011-07-12
43,10,3495,2003-08-29,2003-09-13
44,462,2802,2008-08-02,2008-08-09
45,165,258,2005-10-21,2005-10-30
46,95,2213,2002-07-19,2002-07-30
47,213,2338,2019-04-18,2019-04-27
48,82,3692,2015-06-14,2015-06-23
49,190,426,2018-09-16,2018-09-28
50,181,4774,2010-02-14,2010-02-17
51,103,764,2008-05-12,2008-05-23
52,47,4192,2003-12-08,2003-12-13
53,341,4398,2009-01-29,2009-02-08
54,90,1412,2012-06-27,2012-07-08
55,290,2368,2017-02-12,2017-02-13
56,118,112,2014-09-24,2014-10-06
57,103,187,2022-01-25,2022-01-27
58,165,209,2002-11-22,2002-11-27
59,9,590,2003-03-03,2003-03-10
60,33,4674,2001-12-10,2001-12-15
61,404,285,2013-09-21,2013-09-30
62,42,2365,2022-04-06,2022-04-10
63,497,1196,2015-04-30,2015-05-01
64,108,3826,2018-11-19,2018-11-27
65,400,4128,2004-05-28,2004-06-11
66,302,3238,2021-07-28,2021-08-05
67,62,3277,2010-04-01,2010-04-10
68,194,3181,2004-06-27,2004-07-03
69,404,504,2009-10-20,2009-10-27
70,13,4555,2014-08-19,2014-08-25
71,95,51,2017-08-17,2017-08-30
72,104,3568,2011-05-11,2011-05-15
73,126,1912,2021-08-22,2021-08-23
74,42,3140,2011-11-02,2011-11-14
75,125,4440,2016-06-27,2016-07-06
76,21,805,2004-03-01,2004-03-16
77,170,1890,2016-12-06,2016-12-14
78,253,968,2013-09-15,2013-09-21
79,160,2336,2016-12-10,2016-12-15
80,80,4999,2016-08-14,2016-08-18
81,218,2781,2008-06-17,2008-06-22
82,353,533,2002-11-18,2002-12-02
83,32,1181,2006-07-03,2006-07-07
84,345,1493,2012-11-16,2012-11-20
85,368,3005,2010-03-27,2010-04-03
86,36,3387,2017-07-13,2017-07-27
87,118,4313,2014-09-17,2014-09-27
88,100,3572,2003-06-05,2003-06-20
89,433,3485,2016-07-31,2016-08-05
90,204,4160,2014-09-07,2014-09-22
91,262,2835,2017-11-12,2017-11-20
92,194,2287,2017-11-23,2017-12-06
93,424,3367,2020-04-24,2020-04-30
94,275,1140,2007-07-14,2007-07-18
95,138,3230,2018-04-02,2018-04-14
96,448,2200,2009-02-15,2009-02-19
97,452,4419,2007-05-23,2007-06-03
98,446,4756,2021-12-22,2021-12-25
99,497,4528,2008-09-28,2008-10-12
100,29,3049,2011-01-29,2011-02-07
101,224,1904,2019-09-16,2019-09-24
102,320,980,2006-04-03,2006-04-09
103,263,1547,2009-04-30,2009-05-14
104,192,2490,2013-02-27,2013-03-08
105,210,900,2004-04-29,2004-05-07
106,490,1794,2020-07-09,2020-07-21
107,4,1362,2013-08-30,2013-09-08
108,37,651,2007-12-09,2007-12-23
109,74,1453,2018-02-27,2018-03-06
110,255,190,2020-06-21,2020-06-30
111,186,3874,2002-03-17,2002-03-24
112,72,1781,2011-05-15,2011-05-22
113,400,63,2001-04-17,2001-04-27
114,328,4719,2012-06-18,2012-06-29
115,254,3794,2004-03-21,2004-04-05
116,205,3076,2008-06-13,2008-06-24
117,293,3804,2015-03-20,2015-04-04
118,462,983,2003-06-23,2003-07-03
119,294,1374,2010-01-27,2010-01-29
120,346,551,2018-10-03,2018-10-06
121,206,3599,2007-10-02,2007-10-10
122,401,3950,2008-03-29,2008-03-30
123,334,4604,2015-02-07,2015-02-10
124,18,1822,2017-04-08,2017-04-11
125,49,1618,2015-11-29,2015-12-09
126,500,1202,2000-04-10,2000-04-19
127,332,1295,2021-11-02,2021-11-06
128,154,4992,2004-10-26,2004-11-05
129,227,1416,2020-03-07,2020-03-15
130,136,3280,2012-09-22,2012-09-25
131,477,4755,2007-01-04,2007-01-17
132,148,3954,2005-10-13,2005-10-15
133,276,2813,2019-09-15,2019-09-16
134,79,2982,2002-06-20,2002-06-27
135,306,731,2000-02-27,2000-03-06
136,291,584,2020-12-16,2020-12-17
137,402,840,2004-01-24,2004-02-05
138,442,3160,2015-08-18,2015-08-30
139,18,1783,2008-08-12,2008-08-24
140,241,741,2021-05-04,2021-05-08
141,316,4993,2003-07-10,2003-07-24
142,159,1463,2005-01-03,2005-01-04
143,75,999,2003-01-21,2003-01-31
144,438,1039,2006-01-28,2006-02-05
145,309,4635,2022-04-19,2022-04-29
146,331,2075,2014-11-23,2014-11-27
147,25,1896,2008-10-10,2008-10-16
148,237,4975,2012-01-27,2012-01-28
149,109,1590,2011-08-27,2011-09-03
150,218,1285,2021-08-08,2021-08-09
151,20,1712,2014-11-09,2014-11-10
152,437,2206,2021-07-01,2021-07-10
153,69,4601,2014-09-08,2014-09-23
154,132,2324,2018-09-24,2018-10-04
155,26,1273,2013-08-26,2013-09-01
156,12,2587,2011-10-30,2011-11-14
157,133,3526,2016-05-27,2016-06-04
158,480,3424,2016-07-28,2016-07-31
159,366,1114,2019-05-12,2019-05-27
160,187,1834,2008-02-03,2008-02-09
161,209,1101,2017-09-27,2017-10-08
162,382,2580,2008-05-22,2008-05-26
163,427,1447,2010-03-26,2010-04-06
164,492,2813,2014-10-13,2014-10-19
165,292,267,2020-08-24,2020-08-31
166,1,1758,2009-02-22,2009-03-03
167,282,772,2001-03-29,2001-04-02
168,230,2784,2017-02-01,2017-02-13
169,249,384,2021-04-30,2021-05-07
170,78,2800,2018-10-11,2018-10-20
171,190,3724,2015-05-11,2015-05-24
172,5,643,2006-11-20,2006-12-03
173,474,1861,2018-06-25,2018-07-08
174,86,2687,2005-03-10,2005-03-11
175,414,1222,2011-07-04,2011-07-11
176,480,4036,2003-06-17,2003-06-27
177,446,4609,2007-09-04,2007-09-16
178,424,504,2010-07-19,2010-07-26
179,424,694,2022-02-05,2022-02-13
180,148,4429,2001-11-21,2001-12-01
181,302,2859,2010-08-16,2010-08-29
182,279,1201,2007-03-25,2007-03-30
183,420,1647,2020-03-30,2020-04-09
184,43,1739,2008-09-29,2008-10-09
185,473,4422,2002-01-30,2002-02-08
186,229,1158,2022-03-03,2022-03-13
187,164,874,2019-12-31,2020-01-01
188,74,3572,2001-02-03,2001-02-09
189,401,3232,2014-03-21,2014-03-27
190,283,4747,2018-08-22,2018-08-25
191,236,369,2001-07-17,2001-07-29
192,489,1584,2020-12-24,2020-12-25
193,429,2585,2019-12-14,2019-12-29
194,43,1298,2013-05-01,2013-05-08
195,288,1801,2002-06-21,2002-06-29
196,23,3458,2000-06-28,2000-07-09
197,205,2577,2008-03-02,2008-03-14
198,184,4810,2015-06-01,2015-06-16
199,268,2499,2022-04-10,2022-04-13
200,477,1074,2016-10-03,2016-10-10
201,21,3189,2021-02-28,2021-03-07
202,403,479,2007-06-30,2007-07-13
203,289,2087,2002-04-04,2002-04-15
204,159,1481,2000-12-23,2001-01-05
205,474,3010,2009-04-27,2009-05-02
206,197,2914,2016-08-21,2016-08-27
207,224,4347,2005-05-05,2005-05-14
208,401,1215,2021-06-10,2021-06-15
209,335,640,2007-02-07,2007-02-20
210,330,3447,2003-02-16,2003-03-03
211,433,2258,2004-04-11,2004-04-24
212,224,3401,2022-04-20,2022-05-01
213,478,3025,2009-08-29,2009-09-12
214,168,4820,2007-05-15,2007-05-21
215,314,35,2016-12-15,2016-12-29
216,410,3873,2007-12-01,2007-12-13
217,354,2289,2008-03-20,2008-03-26
218,349,126,2006-08-11,2006-08-26
219,368,3120,2011-10-13,2011-10-22
220,69,4560,2007-04-06,2007-04-08
221,134,1620,2002-08-09,2002-08-10
222,303,2131,2005-09-22,2005-10-05
223,239,2713,2006-08-26,2006-08-29
224,413,184,2021-06-04,2021-06-14
225,388,2501,2013-06-06,2013-06-15
226,467,1631,2010-03-30,2010-04-11
227,279,3944,2006-07-20,2006-07-26
228,372,1378,2017-11-27,2017-12-06
229,139,3465,2005-12-10,2005-12-16
230,487,2173,2001-06-22,2001-07-05
231,275,791,2011-09-29,2011-10-13
232,208,3725,2010-07-14,2010-07-21
233,308,4946,2002-09-11,2002-09-14
234,145,1051,2007-04-21,2007-04-27
235,369,2146,2010-07-25,2010-07-30
236,384,4465,2016-04-05,2016-04-10
237,361,2056,2015-04-15,2015-04-18
238,124,4502,2001-10-10,2001-10-23
239,95,3093,2003-08-15,2003-08-30
240,357,3408,2000-07-30,2000-08-04
241,50,4703,2008-11-28,2008-11-29
242,302,2038,2020-03-12,2020-03-21
243,320,3699,2000-08-19,2000-08-23
244,246,2864,2021-03-27,2021-03-31
245,135,582,2019-10-14,2019-10-22
246,399,1486,2009-02-24,2009-03-10
247,405,1328,2019-03-20,2019-04-04
248,57,1232,2012-02-24,2012-02-29
249,48,4264,2009-06-12,2009-06-27
250,320,3161,2020-12-30,2021-01-03
251,59,4606,2008-03-25,2008-04-01
252,424,2839,2003-04-04,2003-04-05
253,182,215,2001-02-17,2001-02-26
254,378,3786,2009-05-11,2009-05-18
255,393,3314,2019-06-23,2019-07-07
256,55,354,2015-08-04,2015-08-18
257,121,4672,2010-04-17,2010-04-24
258,45,401,2006-06-24,2006-07-03
259,22,239,2010-11-06,2010-11-08
260,49,2494,2003-11-24,2003-12-01
261,395,2270,2011-12-18,2011-12-31
262,89,1223,2001-04-24,2001-05-09
263,181,4695,2002-03-09,2002-03-17
264,270,145,2013-06-16,2013-06-18
265,219,4217,2013-06-09,2013-06-13
266,415,363,2005-05-25,2005-06-09
267,234,634,2004-08-05,2004-08-07
268,27,3045,2008-09-21,2008-09-24
269,467,3408,2007-05-18,2007-05-29
270,495,4029,2011-12-09,2011-12-17
271,369,3490,2021-08-29,2021-09-01
272,463,2417,2017-10-30,2017-11-10
273,463,3187,2020-03-04,2020-03-08
274,68,4283,2018-02-10,2018-02-19
275,482,284,2003-11-07,2003-11-20
276,490,2491,2018-07-28,2018-08-07
277,148,4844,2014-02-12,2014-02-25
278,218,4555,2007-06-13,2007-06-18
279,147,1701,2017-08-11,2017-08-23
280,341,4951,2020-10-26,2020-11-06
281,159,1256,2020-05-25,2020-05-28
282,62,4271,2004-02-17,2004-02-26
283,10,3281,2008-08-16,2008-08-29
284,257,1115,2008-07-01,2008-07-10
285,278,2711,2018-10-02,2018-10-07
286,81,1919,2018-07-13,2018-07-17
287,331,3423,2001-03-17,2001-03-22
288,267,2673,2009-10-23,2009-11-03
289,260,2590,2022-01-11,2022-01-12
290,392,367,2013-02-22,2013-03-06
291,292,1614,2003-11-08,2003-11-18
292,321,2699,2021-08-21,2021-09-03
293,261,1695,2002-06-29,2002-07-04
294,83,1162,2016-09-19,2016-10-03
295,187,4448,2009-11-20,2009-11-27
296,382,180,2008-03-14,2008-03-25
297,93,3484,2001-12-27,2002-01-10
298,432,603,2007-03-16,2007-03-30
299,355,4798,2010-09-02,2010-09-16
300,158,3725,2001-10-20,2001-10-27
301,25,1427,2000-08-08,2000-08-13
302,413,1498,2004-06-21,2004-06-23
303,396,3661,2007-12-08,2007-12-16
304,102,2230,2020-06-09,2020-06-22
305,329,1504,2015-10-24,2015-11-07
306,368,4883,2000-03-04,2000-03-12
307,57,926,2000-10-15,2000-10-28
308,343,671,2015-01-08,2015-01-18
309,188,4478,2016-02-24,2016-03-08
310,389,505,2017-09-01,2017-09-05
311,482,4679,2021-06-25,2021-07-05
312,457,1096,2011-03-06,2011-03-17
313,9,1061,2003-09-28,2003-10-08
314,223,4179,2019-06-01,2019-06-04
315,495,3551,2007-09-08,2007-09-23
316,412,1198,2001-08-13,2001-08-15
317,147,4474,2007-09-13,2007-09-16
318,308,2731,2012-08-18,2012-08-22
319,471,2999,2017-10-21,2017-10-23
320,355,1582,2009-02-11,2009-02-16
321,17,2802,2010-01-03,2010-01-18
322,194,4123,2021-10-29,2021-11-02
323,109,4403,2000-12-07,2000-12-13
324,383,4274,2007-11-07,2007-11-18
325,270,4764,2021-07-03,2021-07-18
326,117,958,2004-09-10,2004-09-22
327,123,1295,2009-12-21,2009-12-31
328,110,2868,2012-08-14,2012-08-23
329,104,3715,2010-10-20,2010-10-25
330,33,2321,2001-03-21,2001-03-29
331,357,4046,2003-08-19,2003-08-30
332,479,3228,2009-10-14,2009-10-17
333,188,2374,2022-03-17,2022-03-24
334,201,4710,2007-06-03,2007-06-07
335,450,285,2016-04-06,2016-04-08
336,235,4061,2018-07-05,2018-07-10
337,89,4114,2003-08-13,2003-08-27
338,376,2596,2016-11-30,2016-12-01
339,407,2719,2008-11-11,2008-11-17
340,479,3440,2002-10-15,2002-10-21
341,37,318,2003-08-13,2003-08-18
342,112,752,2021-03-21,2021-03-26
343,303,904,2005-01-16,2005-01-30
344,121,4132,2003-10-01,2003-10-15
345,44,2443,2010-10-05,2010-10-19
346,206,516,2010-12-16,2010-12-24
347,62,558,2003-09-23,2003-09-30
348,98,3101,2002-10-29,2002-11-01
349,88,2419,2007-04-18,2007-04-28
350,60,1910,2006-05-21,2006-06-02
351,74,2874,2014-12-04,2014-12-08
352,57,4223,2000-11-20,2000-11-22
353,372,651,2003-06-08,2003-06-11
354,115,3455,2004-02-03,2004-02-18
355,275,509,2015-11-29,2015-12-09
356,175,2026,2002-11-20,2002-11-25
357,411,3642,2010-06-30,2010-07-04
358,276,4652,2008-10-08,2008-10-11
359,344,4131,2002-03-30,2002-03-31
360,6,3688,2000-03-22,2000-03-23
361,448,1922,2009-08-09,2009-08-24
362,77,3247,2021-04-14,2021-04-21
363,489,2038,2010-07-14,2010-07-24
364,107,2472,2008-04-10,2008-04-12
365,316,555,2007-11-03,2007-11-13
366,270,4005,2021-03-11,2021-03-26
367,99,3715,2008-09-11,2008-09-23
368,474,4149,2007-02-16,2007-02-19
369,323,219,2004-03-21,2004-03-31
370,197,2146,2016-06-07,2016-06-18
371,200,4441,2009-11-09,2009-11-10
372,32,3345,2013-01-12,2013-01-26
373,122,3133,2017-01-10,2017-01-18
374,285,3257,2002-04-25,2002-05-04
375,466,284,2013-10-03,2013-10-15
376,210,1282,2002-11-08,2002-11-10
377,473,4372,2012-05-19,2012-05-31
378,250,2212,2014-05-02,2014-05-12
379,375,2101,2015-10-24,2015-10-27
380,310,593,2009-03-21,2009-04-01
381,179,424,2010-12-22,2011-01-02
382,252,3622,2019-04-02,2019-04-03
383,319,123,2017-06-30,2017-07-08
384,486,2196,2000-09-08,2000-09-23
385,180,1901,2016-01-22,2016-01-24
386,317,1893,2013-04-02,2013-04-06
387,30,4296,2005-04-27,2005-04-29
388,291,2647,2001-11-26,2001-12-02
389,224,3486,2019-09-05,2019-09-20
390,320,4924,2004-10-18,2004-10-27
391,315,2090,2002-03-12,2002-03-17
392,96,4672,2016-03-11,2016-03-16
393,1,537,2015-12-26,2016-01-05
394,163,3922,2005-08-29,2005-09-01
395,410,4220,2004-06-09,2004-06-13
396,218,1802,2020-03-25,2020-04-06
397,404,2499,2003-03-30,2003-03-31
398,254,3426,2005-12-31,2006-01-02
399,10,4887,2011-05-26,2011-06-04
400,456,1621,2008-08-16,2008-08-30
401,325,2118,2021-07-12,2021-07-20
402,51,3093,2014-01-04,2014-01-18
403,109,2624,2019-07-04,2019-07-18
404,247,2409,2003-01-09,2003-01-19
405,116,2215,2011-09-08,2011-09-12
406,311,1308,2006-04-12,2006-04-26
407,352,1638,2017-09-12,2017-09-27
408,366,2483,2014-07-28,2014-08-12
409,488,4261,2020-03-12,2020-03-22
410,78,130,2014-01-02,2014-01-16
411,165,2421,2011-06-02,2011-06-06
412,373,2875,2020-03-15,2020-03-29
413,410,2607,2016-10-09,2016-10-22
414,210,3337,2007-08-26,2007-08-27
415,156,3654,2019-07-02,2019-07-17
416,71,1981,2009-09-13,2009-09-19
417,92,110,2011-11-09,2011-11-23
418,125,35,2017-02-08,2017-02-14
419,70,4937,2015-02-27,2015-03-09
420,486,2584,2018-05-28,2018-06-08
421,414,3704,2008-07-09,2008-07-14
422,344,1836,2019-11-01,2019-11-09
423,213,4494,2016-09-23,2016-09-30
424,350,3614,2019-06-24,2019-06-30
425,181,1165,2002-03-20,2002-03-25
426,318,3169,2003-08-05,2003-08-14
427,288,1088,2004-11-07,2004-11-12
428,485,3455,2008-02-04,2008-02-19
429,45,858,2021-03-15,2021-03-17
430,363,4329,2010-10-02,2010-10-10
431,336,1338,2010-07-18,2010-07-25
432,232,509,2010-02-23,2010-02-27
433,433,4699,2009-09-10,2009-09-23
434,115,3163,2005-11-18,2005-11-24
435,47,1184,2011-04-05,2011-04-11
436,18,3834,2021-07-01,2021-07-08
437,35,2378,2016-08-28,2016-09-11
438,43,4947,2010-04-07,2010-04-15
439,477,3583,2006-03-24,2006-04-05
440,361,2459,2016-08-21,2016-09-02
441,231,4416,2013-07-24,2013-08-04
442,155,1449,2022-01-30,2022-02-11
443,253,1186,2017-11-01,2017-11-14
444,225,4200,2018-03-21,2018-03-22
445,384,3091,2014-11-20,2014-11-21
446,365,2444,2003-03-11,2003-03-26
447,319,2531,2016-08-01,2016-08-12
448,327,158,2004-09-09,2004-09-13
449,352,1434,2006-01-29,2006-02-06
450,422,2863,2016-09-13,2016-09-26
451,97,2004,2015-11-25,2015-12-05
452,219,3732,2007-05-06,2007-05-15
453,484,4004,2018-08-14,2018-08-15
454,87,1435,2012-05-12,2012-05-20
455,125,4300,2003-10-22,2003-11-06
456,345,2944,2015-08-21,2015-08-24
457,80,4250,2000-09-08,2000-09-23
458,189,4573,2004-08-30,2004-09-05
459,108,2787,2014-07-14,2014-07-19
460,137,665,2019-04-30,2019-05-03
461,285,1578,2011-10-01,2011-10-02
462,154,4452,2016-07-25,2016-08-07
463,232,2641,2008-01-03,2008-01-08
464,1,3407,2000-03-13,2000-03-23
465,331,476,2003-11-06,2003-11-10
466,250,301,2015-04-18,2015-04-30
467,210,2933,2017-04-22,2017-05-04
468,220,2605,2001-09-05,2001-09-13
469,447,3754,2015-03-14,2015-03-15
470,482,2536,2006-01-24,2006-01-26
471,229,254,2002-09-10,2002-09-11
472,146,1259,2017-11-29,2017-11-30
473,360,1527,2022-01-30,2022-01-31
474,214,1490,2003-09-12,2003-09-22
475,405,3270,2009-11-02,2009-11-07
476,487,1713,2020-05-02,2020-05-16
477,93,3952,2014-01-24,2014-02-02
478,467,4067,2006-07-08,2006-07-22
479,278,4974,2002-03-09,2002-03-23
480,136,552,2004-12-05,2004-12-13
481,14,4530,2009-08-12,2009-08-25
482,184,4277,2017-06-15,2017-06-20
483,498,2157,2014-03-19,2014-03-23
484,91,2651,2000-07-11,2000-07-20
485,168,2437,2013-12-23,2014-01-02
486,189,595,2013-10-29,2013-11-11
487,151,4034,2007-08-29,2007-09-01
488,37,1369,2005-11-12,2005-11-20
489,459,3723,2015-10-21,2015-11-02
490,489,3622,2006-03-18,2006-04-02
491,430,1157,2008-01-18,2008-01-28
492,334,3739,2002-08-31,2002-09-09
493,81,3081,2005-07-18,2005-08-02
494,110,611,2001-10-13,2001-10-25
495,156,2951,2018-11-25,2018-11-27
496,430,950,2002-04-20,2002-04-25
497,390,918,2012-12-24,2013-01-05
498,140,2751,2006-09-28,2006-10-08
499,318,3147,2011-01-08,2011-01-22
500,56,1437,2009-09-19,2009-10-04
501,350,1249,2018-09-16,2018-09-27
502,436,2449,2020-02-10,2020-02-17
503,9,4470,2008-11-06,2008-11-21
504,289,4977,2017-01-24,2017-02-02
505,82,1964,2020-10-21,2020-10-26
506,298,2295,2014-01-08,2014-01-22
507,293,1215,2004-07-27,2004-08-09
508,121,8,2005-05-18,2005-05-27
509,19,307,2013-05-15,2013-05-26
510,209,2886,2008-12-26,2008-12-27
511,167,4967,2009-11-22,2009-12-05
512,427,1055,2014-05-05,2014-05-07
513,471,70,2018-05-22,2018-05-25
514,439,1260,2015-03-03,2015-03-05
515,217,4534,2007-05-24,2007-06-03
516,23,2643,2002-09-11,2002-09-21
517,14,1359,2006-01-21,2006-01-27
518,483,90,2003-05-24,2003-06-02
519,222,742,2009-12-29,2009-12-31
520,171,955,2010-04-14,2010-04-17
521,308,657,2016-04-06,2016-04-09
522,114,4841,2011-09-09,2011-09-14
523,274,429,2005-11-11,2005-11-19
524,135,884,2006-08-01,2006-08-09
525,165,112,2002-06-28,2002-07-07
526,433,3914,2010-07-06,2010-07-16
527,436,4675,2022-03-21,2022-04-02
528,452,463,2002-07-05,2002-07-15
529,424,4237,2006-12-27,2007-01-01
530,468,1526,2008-11-04,2008-11-15
531,232,4156,2006-12-24,2007-01-08
532,499,4500,2008-03-20,2008-04-04
533,47,566,2022-03-27,2022-04-07
534,227,774,2021-01-21,2021-01-22
535,325,4367,2000-12-31,2001-01-14
536,202,4074,2019-07-12,2019-07-21
537,65,2133,2014-06-17,2014-06-30
538,348,3842,2004-08-10,2004-08-17
539,466,4043,2009-12-31,2010-01-09
540,390,2040,2013-05-19,2013-05-30
541,67,4760,2007-05-25,2007-06-01
542,104,1307,2012-07-09,2012-07-15
543,142,2223,2015-01-10,2015-01-18
544,258,4713,2001-03-07,2001-03-17
545,350,1950,2019-12-20,2019-12-24
546,1,721,2015-12-28,2016-01-11
547,407,2612,2012-09-02,2012-09-16
548,445,2488,2021-05-06,2021-05-20
549,177,3373,2001-12-31,2002-01-09
550,267,4166,2009-11-22,2009-12-02
551,353,4396,2001-03-06,2001-03-16
552,204,4331,2003-11-03,2003-11-11
553,226,4612,2000-07-25,2000-08-02
554,472,1242,2001-10-25,2001-11-09
555,471,1695,2001-06-09,2001-06-23
556,327,1382,2017-04-06,2017-04-20
557,213,2080,2021-01-04,2021-01-13
558,363,3384,2022-04-16,2022-05-01
559,249,1069,2007-12-20,2007-12-23
560,74,925,2012-06-21,2012-06-22
561,483,91,2020-05-07,2020-05-09
562,500,3925,2005-05-26,2005-06-07
563,162,2394,2015-04-25,2015-05-10
564,330,4685,2013-08-23,2013-08-30
565,301,2238,2020-06-22,2020-06-26
566,300,4327,2019-05-10,2019-05-11
567,467,2391,2021-05-23,2021-06-04
568,93,1050,2017-04-13,2017-04-19
569,113,4045,2000-08-23,2000-09-04
570,393,980,2021-05-15,2021-05-17
571,163,1061,2002-05-01,2002-05-08
572,470,3354,2002-02-09,2002-02-10
573,282,297,2010-10-02,2010-10-10
574,384,1612,2019-11-07,2019-11-12
575,1,4314,2018-02-06,2018-02-09
576,200,2685,2016-04-09,2016-04-24
577,384,778,2006-08-30,2006-09-03
578,22,577,2022-01-29,2022-02-13
579,160,1669,2006-05-05,2006-05-20
580,363,3344,2015-05-22,2015-05-25
581,369,1128,2015-08-06,2015-08-07
582,387,1327,2009-11-06,2009-11-10
583,386,3760,2009-07-28,2009-08-12
584,210,767,2003-08-28,2003-09-08
585,477,969,2004-05-15,2004-05-25
586,457,2724,2015-07-27,2015-08-01
587,377,52,2016-05-26,2016-06-09
588,7,4967,2004-04-23,2004-04-25
589,93,4760,2000-06-19,2000-06-22
590,415,3595,2012-05-16,2012-05-19
591,117,725,2002-11-18,2002-11-30
592,418,419,2001-06-03,2001-06-16
593,103,1218,2008-03-25,2008-04-01
594,218,466,2020-12-31,2021-01-12
595,323,122,2016-10-26,2016-11-06
596,174,1832,2001-01-14,2001-01-24
597,126,4907,2000-10-05,2000-10-11
598,492,2256,2016-05-30,2016-06-06
599,255,4494,2005-04-28,2005-05-08
600,190,870,2020-07-29,2020-08-01
601,93,781,2014-12-28,2015-01-11
602,3,861,2017-03-12,2017-03-25
603,74,4091,2009-08-28,2009-08-29
604,197,550,2021-12-16,2021-12-22
605,248,4116,2013-07-12,2013-07-25
606,108,447,2003-12-10,2003-12-11
607,324,1148,2016-12-03,2016-12-08
608,74,2744,2013-10-24,2013-11-02
609,349,789,2007-02-28,2007-03-06
610,322,3338,2000-09-27,2000-10-02
611,432,2811,2011-05-17,2011-05-24
612,370,3877,2019-03-20,2019-03-31
613,103,3473,2006-03-26,2006-03-31
614,236,20,2012-11-29,2012-12-03
615,56,129,2003-10-27,2003-11-03
616,30,4179,2008-09-20,2008-09-25
617,159,4119,2006-12-18,2006-12-21
618,389,4509,2007-01-16,2007-01-17
619,229,477,2020-09-05,2020-09-15
620,22,2716,2010-05-06,2010-05-18
621,250,4479,2018-12-25,2019-01-07
622,66,406,2019-02-18,2019-02-28
623,358,604,2017-08-31,2017-09-09
624,36,1771,2015-01-29,2015-02-08
625,95,2063,2021-03-16,2021-03-23
626,79,284,2022-04-21,2022-04-23
627,19,4204,2008-04-06,2008-04-14
628,276,114,2007-02-18,2007-02-25
629,192,4270,2011-01-19,2011-01-30
630,446,2606,2012-10-09,2012-10-10
631,440,3401,2014-07-30,2014-08-14
632,150,4264,2016-05-08,2016-05-23
633,283,1151,2020-05-10,2020-05-21
634,239,4599,2005-08-04,2005-08-10
635,474,4216,2018-03-15,2018-03-24
636,315,4705,2002-08-05,2002-08-09
637,291,4808,2020-02-11,2020-02-19
638,398,4717,2015-08-05,2015-08-09
639,406,1176,2002-11-01,2002-11-07
640,331,4599,2010-03-23,2010-03-28
641,63,1858,2016-02-23,2016-02-25
642,243,2120,2015-01-03,2015-01-15
643,184,3391,2017-10-15,2017-10-21
644,63,1659,2002-07-19,2002-07-27
645,22,4193,2006-07-22,2006-07-31
646,30,3159,2000-06-04,2000-06-07
647,319,517,2003-05-16,2003-05-26
648,289,1829,2002-05-09,2002-05-24
649,365,4231,2022-04-02,2022-04-12
650,131,2415,2002-04-14,2002-04-23
651,322,2980,2007-12-19,2008-01-03
652,131,169,2019-02-10,2019-02-13
653,128,3826,2019-04-29,2019-05-11
654,187,4513,2010-08-11,2010-08-22
655,238,3052,2015-08-02,2015-08-12
656,493,4303,2019-02-14,2019-02-16
657,386,2331,2012-11-22,2012-12-02
658,318,4349,2021-12-01,2021-12-02
659,186,1533,2006-05-08,2006-05-09
660,420,4070,2001-07-15,2001-07-30
661,266,4915,2011-03-19,2011-03-26
662,54,536,2005-03-19,2005-04-02
663,193,4078,2000-10-08,2000-10-17
664,217,1097,2005-03-23,2005-03-28
665,301,2408,2002-12-13,2002-12-25
666,149,4204,2007-05-22,2007-06-04
667,103,1499,2005-07-17,2005-07-23
668,458,362,2005-06-09,2005-06-12
669,171,126,2014-06-03,2014-06-11
670,363,4138,2009-03-09,2009-03-23
671,264,2429,2017-11-30,2017-12-10
672,25,1775,2021-09-15,2021-09-20
673,24,3439,2007-09-24,2007-10-03
674,226,2034,2009-06-24,2009-06-28
675,256,1512,2016-01-07,2016-01-15
676,478,1938,2012-04-08,2012-04-23
677,452,1445,2019-02-11,2019-02-24
678,426,2445,2012-02-16,2012-02-27
679,320,114,2002-02-01,2002-02-14
680,390,2951,2019-12-30,2020-01-09
681,57,3411,2007-09-25,2007-09-29
682,53,3146,2021-05-24,2021-06-08
683,390,875,2017-11-09,2017-11-18
684,47,1761,2005-01-05,2005-01-06
685,415,2802,2009-07-30,2009-08-07
686,398,1721,2004-01-07,2004-01-11
687,147,851,2020-03-07,2020-03-21
688,212,3689,2002-08-19,2002-08-20
689,75,3862,2017-01-12,2017-01-22
690,269,74,2011-10-23,2011-10-28
691,75,781,2019-10-08,2019-10-22
692,470,746,2004-09-20,2004-09-25
693,57,4008,2010-05-10,2010-05-22
694,376,2102,2005-10-16,2005-10-28
695,38,2402,2017-10-01,2017-10-15
696,310,630,2014-08-03,2014-08-11
697,46,2130,2018-08-05,2018-08-11
698,183,3166,2012-04-11,2012-04-24
699,361,831,2010-09-08,2010-09-11
700,476,3080,2001-11-30,2001-12-15
701,256,542,2018-03-20,2018-04-02
702,133,1300,2014-12-17,2014-12-20
703,263,4388,2009-05-06,2009-05-15
704,290,458,2018-07-03,2018-07-16
705,258,1032,2021-11-15,2021-11-20
706,350,210,2021-12-11,2021-12-14
707,448,3688,2001-08-18,2001-08-25
708,98,1458,2012-11-13,2012-11-28
709,33,175,2018-03-08,2018-03-10
710,26,88,2009-02-27,2009-03-03
711,97,3841,2016-08-18,2016-08-20
712,488,1970,2008-03-09,2008-03-12
713,181,794,2018-10-28,2018-11-07
714,294,3085,2017-04-30,2017-05-01
715,36,3792,2019-08-10,2019-08-16
716,27,2947,2002-03-20,2002-03-31
717,77,2601,2009-02-03,2009-02-05
718,413,3579,2012-04-18,2012-04-21
719,268,1577,2015-03-05,2015-03-19
720,3,2742,2021-06-12,2021-06-22
721,120,111,2017-06-22,2017-06-24
722,230,1383,2009-07-04,2009-07-06
723,417,2956,2007-11-28,2007-11-30
724,315,2733,2012-12-02,2012-12-16
725,426,3605,2007-04-26,2007-05-05
726,146,2829,2020-02-10,2020-02-17
727,140,418,2015-04-23,2015-05-04
728,338,1661,2000-03-10,2000-03-20
729,484,1775,2018-05-24,2018-05-29
730,183,3262,2001-12-13,2001-12-24
731,265,4991,2020-11-20,2020-11-30
732,442,2888,2017-07-03,2017-07-18
733,40,3810,2022-02-21,2022-03-08
734,250,4086,2006-07-18,2006-07-24
735,68,32,2018-10-09,2018-10-12
736,23,3272,2015-10-11,2015-10-26
737,29,3128,2013-08-27,2013-09-05
738,229,4020,2000-07-19,2000-07-23
739,467,2288,2011-10-11,2011-10-14
740,294,3592,2015-05-24,2015-06-05
741,118,2265,2011-07-18,2011-07-24
742,440,4133,2008-09-17,2008-09-29
743,125,1166,2011-07-15,2011-07-20
744,39,4353,2010-04-07,2010-04-15
745,177,2942,2010-05-23,2010-06-07
746,366,1096,2012-09-22,2012-09-23
747,177,1515,2011-10-02,2011-10-11
748,376,3878,2014-10-19,2014-11-01
749,278,3670,2019-09-19,2019-09-23
750,283,989,2016-05-31,2016-06-10
751,199,2024,2012-12-07,2012-12-13
752,496,4102,2021-04-08,2021-04-12
753,55,3521,2015-06-04,2015-06-15
754,142,594,2003-12-05,2003-12-15
755,280,353,2019-02-10,2019-02-22
756,490,4046,2000-09-21,2000-09-28
757,335,80,2013-01-05,2013-01-20
758,231,4735,2011-06-17,2011-06-19
759,446,3691,2009-07-05,2009-07-20
760,400,4018,2004-05-21,2004-05-24
761,174,3903,2000-01-23,2000-01-25
762,194,4727,2011-02-17,2011-02-22
763,25,1736,2008-05-18,2008-05-30
764,158,3954,2018-09-24,2018-09-30
765,494,4580,2002-02-02,2002-02-15
766,169,2878,2006-07-24,2006-08-01
767,60,837,2016-06-30,2016-07-14
768,403,3126,2002-07-23,2002-08-01
769,52,1252,2013-01-07,2013-01-19
770,88,2299,2017-07-15,2017-07-19
771,486,3797,2013-01-21,2013-01-31
772,500,1018,2021-02-21,2021-02-25
773,383,4012,2012-01-31,2012-02-11
774,431,1526,2010-07-06,2010-07-11
775,225,2822,2015-12-17,2015-12-25
776,67,1197,2015-08-07,2015-08-10
777,198,3804,2001-11-11,2001-11-15
778,348,1183,2008-05-29,2008-06-12
779,187,1079,2001-02-23,2001-03-03
780,258,4897,2008-01-30,2008-02-08
781,166,4292,2009-12-22,2010-01-04
782,229,4092,2001-08-28,2001-09-10
783,485,2702,2004-02-16,2004-02-29
784,350,1864,2010-05-03,2010-05-11
785,215,2266,2020-06-22,2020-07-07
786,340,1249,2004-03-15,2004-03-25
787,250,1337,2016-12-10,2016-12-15
788,163,4080,2005-12-19,2005-12-27
789,82,3034,2015-06-12,2015-06-16
790,365,3275,2000-12-04,2000-12-13
791,446,4482,2013-12-03,2013-12-05
792,42,4906,2000-01-12,2000-01-18
793,104,526,2013-06-07,2013-06-20
794,336,3908,2016-04-29,2016-05-06
795,356,120,2001-03-08,2001-03-23
796,19,627,2018-01-30,2018-02-13
797,45,1104,2003-02-16,2003-03-01
798,285,3478,2010-10-25,2010-11-07
799,412,2891,2016-05-02,2016-05-03
800,230,729,2020-02-26,2020-02-28
801,440,2393,2019-04-17,2019-04-21
802,35,3270,2003-04-08,2003-04-13
803,177,3331,2000-03-08,2000-03-22
804,458,1701,2011-12-18,2011-12-29
805,120,2772,2009-09-23,2009-10-01
806,174,4028,2011-09-04,2011-09-13
807,129,2476,2013-02-05,2013-02-10
808,384,1164,2021-08-08,2021-08-23
809,123,1434,2013-12-14,2013-12-24
810,411,3344,2009-07-13,2009-07-25
811,76,4491,2008-10-18,2008-10-28
812,277,4400,2007-01-10,2007-01-16
813,165,2173,2014-04-28,2014-05-01
814,491,849,2002-11-28,2002-12-11
815,175,322,2008-10-17,2008-10-21
816,283,4332,2010-08-01,2010-08-14
817,252,4291,2014-08-16,2014-08-18
818,288,4798,2020-10-13,2020-10-20
819,237,1528,2014-11-27,2014-12-11
820,280,1693,2021-12-25,2022-01-07
821,452,2746,2015-11-19,2015-11-21
822,373,1858,2001-02-12,2001-02-27
823,169,2943,2006-05-14,2006-05-22
824,340,3960,2001-03-07,2001-03-12
825,472,1524,2002-04-28,2002-05-09
826,196,3560,2019-12-20,2019-12-30
827,29,3851,2020-03-14,2020-03-21
828,255,4872,2008-08-11,2008-08-13
829,298,847,2010-05-23,2010-06-04
830,376,4272,2018-07-14,2018-07-21
831,389,4508,2015-03-31,2015-04-06
832,146,1318,2018-11-01,2018-11-03
833,70,1876,2005-10-09,2005-10-10
834,231,3317,2013-01-10,2013-01-23
835,433,730,2004-07-06,2004-07-07
836,198,2756,2020-01-27,2020-01-28
837,34,4029,2002-08-09,2002-08-14
838,31,203,2009-10-10,2009-10-14
839,314,927,2008-06-01,2008-06-08
840,102,3725,2001-01-13,2001-01-27
841,146,3013,2022-03-17,2022-03-30
842,224,833,2019-08-03,2019-08-13
843,472,2418,2003-12-15,2003-12-24
844,156,4405,2019-09-30,2019-10-02
845,49,2788,2018-01-19,2018-01-21
846,27,3678,2005-08-07,2005-08-22
847,205,4438,2004-01-17,2004-01-22
848,167,2233,2005-03-16,2005-03-20
849,459,2091,2016-03-02,2016-03-12
850,139,2146,2007-08-16,2007-08-17
851,76,311,2003-01-05,2003-01-07
852,120,3338,2016-10-28,2016-11-12
853,167,4969,2002-03-08,2002-03-20
854,56,1382,2016-08-18,2016-09-02
855,185,2960,2006-11-29,2006-12-11
856,176,3822,2015-04-21,2015-04-27
857,410,4029,2000-03-04,2000-03-11
858,289,2718,2012-01-14,2012-01-22
859,284,2087,2010-06-18,2010-06-28
860,89,2753,2018-08-15,2018-08-30
861,470,3921,2001-06-18,2001-06-30
862,15,272,2020-12-31,2021-01-13
863,187,2399,2013-12-22,2013-12-30
864,267,2870,2007-02-09,2007-02-20
865,233,4784,2018-02-21,2018-02-24
866,320,694,2006-08-09,2006-08-22
867,112,3109,2018-01-25,2018-01-28
868,221,1587,2016-08-16,2016-08-17
869,255,3464,2006-02-06,2006-02-09
870,289,2582,2005-02-22,2005-02-26
871,173,1077,2004-06-11,2004-06-21
872,176,4149,2016-06-13,2016-06-25
873,168,3017,2004-04-10,2004-04-12
874,111,1322,2001-07-23,2001-07-30
875,53,3136,2004-05-29,2004-06-13
876,360,2920,2009-05-31,2009-06-11
877,210,1689,2000-06-26,2000-06-30
878,266,1218,2019-12-19,2019-12-29
879,374,956,2014-03-27,2014-04-01
880,172,4301,2006-12-07,2006-12-19
881,383,4845,2017-06-30,2017-07-02
882,469,3471,2017-05-22,2017-05-28
883,408,1599,2003-11-16,2003-11-20
884,456,4269,2010-10-05,2010-10-07
885,459,4293,2013-02-18,2013-03-05
886,433,4177,2013-02-03,2013-02-07
887,100,3851,2019-01-05,2019-01-20
888,245,3631,2000-01-08,2000-01-12
889,428,2114,2016-08-29,2016-09-12
890,205,874,2006-06-20,2006-06-23
891,116,4863,2017-10-13,2017-10-19
892,435,2686,2004-01-11,2004-01-25
893,228,3981,2006-02-15,2006-03-01
894,315,1374,2009-12-13,2009-12-21
895,250,453,2003-05-06,2003-05-08
896,84,90,2017-03-02,2017-03-10
897,394,1188,2007-12-12,2007-12-15
898,371,4199,2010-05-21,2010-06-01
899,468,4552,2017-12-17,2017-12-29
900,365,52,2020-11-08,2020-11-19
901,470,3583,2003-03-14,2003-03-25
902,214,4071,2000-10-10,2000-10-15
903,288,4891,2015-08-13,2015-08-20
904,493,4972,2012-07-09,2012-07-20
905,398,2994,2022-03-05,2022-03-19
906,178,1365,2013-06-24,2013-07-03
907,1,1345,2005-08-06,2005-08-09
908,327,4015,2000-04-15,2000-04-16
909,119,1074,2018-12-20,2018-12-27
910,277,677,2000-11-13,2000-11-22
911,52,4717,2009-03-23,2009-03-24
912,402,2809,2008-02-15,2008-03-01
913,71,3685,2003-07-05,2003-07-19
914,45,1339,2014-04-18,2014-04-21
915,31,4420,2017-07-26,2017-08-02
916,120,755,2011-09-02,2011-09-05
917,445,3963,2010-07-24,2010-08-04
918,225,4367,2021-11-10,2021-11-20
919,352,4780,2020-12-31,2021-01-01
920,236,4140,2014-11-08,2014-11-21
921,168,2848,2003-03-28,2003-04-09
922,73,1139,2006-04-16,2006-04-18
923,192,1496,2015-12-04,2015-12-06
924,247,2487,2022-03-30,2022-03-31
925,304,840,2011-08-01,2011-08-12
926,134,2273,2015-11-11,2015-11-22
927,487,2338,2019-09-14,2019-09-22
928,330,4759,2013-02-01,2013-02-07
929,228,3589,2000-07-05,2000-07-20
930,100,2593,2009-11-14,2009-11-25
931,13,641,2011-06-05,2011-06-11
932,259,2713,2011-04-04,2011-04-06
933,143,133,2010-09-06,2010-09-17
934,475,3263,2001-09-09,2001-09-19
935,384,566,2000-10-03,2000-10-17
936,488,4882,2003-09-07,2003-09-18
937,193,3601,2006-11-19,2006-11-28
938,103,4652,2012-04-28,2012-05-05
939,387,4151,2010-07-19,2010-07-31
940,367,1106,2000-06-19,2000-06-30
941,42,2126,2008-05-12,2008-05-24
942,166,1082,2006-11-12,2006-11-25
943,194,2774,2002-11-14,2002-11-16
944,374,4895,2021-07-30,2021-08-05
945,321,4590,2012-03-30,2012-04-14
946,266,2338,2014-02-04,2014-02-17
947,167,1279,2020-11-04,2020-11-05
948,133,65,2013-02-08,2013-02-14
949,226,3158,2021-10-16,2021-10-26
950,243,3940,2003-12-15,2003-12-18
951,298,2711,2019-02-11,2019-02-20
952,422,2780,2006-07-27,2006-07-29
953,107,2215,2000-09-10,2000-09-12
954,51,2738,2013-06-09,2013-06-20
955,121,2995,2012-09-12,2012-09-15
956,336,2324,2006-08-04,2006-08-12
957,301,1568,2002-08-24,2002-09-07
958,300,3589,2012-04-05,2012-04-09
959,480,2770,2020-10-27,2020-11-09
960,437,1235,2003-01-11,2003-01-14
961,460,2000,2010-11-18,2010-11-27
962,16,4422,2010-06-01,2010-06-15
963,61,2813,2020-04-04,2020-04-08
964,433,2442,2015-11-28,2015-12-06
965,341,311,2010-05-07,2010-05-11
966,154,3532,2001-05-05,2001-05-13
967,464,4651,2015-12-28,2016-01-01
968,467,3062,2000-05-02,2000-05-05
969,471,2819,2000-09-24,2000-10-02
970,379,3556,2012-01-01,2012-01-03
971,378,1414,2007-03-11,2007-03-20
972,335,1239,2013-06-01,2013-06-05
973,31,2154,2019-10-28,2019-11-09
974,432,3351,2018-08-01,2018-08-16
975,420,1068,2017-09-22,2017-10-04
976,257,186,2010-03-15,2010-03-30
977,453,4740,2009-01-15,2009-01-23
978,76,928,2018-09-27,2018-10-05
979,71,4066,2017-10-07,2017-10-19
980,113,4531,2013-05-01,2013-05-15
981,177,2799,2005-12-24,2005-12-30
982,36,2708,2021-11-12,2021-11-17
983,409,4334,2003-01-26,2003-01-31
984,116,1299,2000-12-15,2000-12-29
985,417,1656,2009-06-10,2009-06-15
986,171,1871,2003-10-28,2003-11-10
987,54,4598,2013-06-06,2013-06-14
988,115,4318,2007-09-11,2007-09-17
989,388,1200,2000-06-15,2000-06-18
990,313,2010,2008-04-15,2008-04-29
991,194,1104,2019-02-04,2019-02-13
992,220,2468,2018-01-18,2018-01-25
993,305,1982,2003-08-28,2003-09-10
994,182,2772,2015-08-27,2015-08-30
995,59,3969,2014-10-07,2014-10-16
996,433,1920,2012-06-01,2012-06-05
997,465,1668,2007-09-22,2007-10-05
998,439,3848,2019-03-12,2019-03-21
999,22,1212,2019-12-20,2019-12-26
1000,138,4146,2010-04-21,2010-04-24
1001,298,1620,2013-06-06,2013-06-19
1002,308,2298,2019-12-28,2020-01-04
1003,482,614,2002-02-20,2002-03-06
1004,434,3979,2018-12-11,2018-12-21
1005,79,738,2006-01-02,2006-01-17
1006,463,706,2020-09-05,2020-09-15
1007,132,2113,2003-06-17,2003-06-19
1008,165,1061,2006-12-07,2006-12-08
1009,235,3382,2012-07-30,2012-08-11
1010,354,3644,2014-03-13,2014-03-23
1011,59,3499,2006-11-15,2006-11-23
1012,303,2060,2012-11-07,2012-11-21
1013,188,2721,2003-02-04,2003-02-12
1014,334,4207,2013-07-29,2013-08-02
1015,139,4543,2003-11-10,2003-11-21
1016,48,3861,2008-04-09,2008-04-17
1017,483,4844,2009-03-20,2009-03-22
1018,152,2512,2002-02-28,2002-03-04
1019,303,102,2004-03-22,2004-03-31
1020,376,3485,2014-11-20,2014-11-30
1021,391,2078,2017-07-21,2017-07-30
1022,312,2223,2013-06-11,2013-06-24
1023,239,3065,2014-03-13,2014-03-21
1024,57,1700,2009-10-31,2009-11-04
1025,445,4307,2008-11-23,2008-12-06
1026,139,3343,2009-11-20,2009-12-04
1027,39,1000,2008-08-05,2008-08-08
1028,458,397,2017-06-25,2017-07-09
1029,441,3234,2017-01-28,2017-02-04
1030,289,3910,2021-11-18,2021-11-24
1031,2,4233,2006-08-31,2006-09-05
1032,257,1462,2017-12-24,2018-01-02
1033,361,3442,2017-01-02,2017-01-17
1034,494,2723,2014-06-12,2014-06-25
1035,419,1470,2022-03-21,2022-03-23
1036,259,4591,2006-07-23,2006-08-05
1037,174,3097,2008-10-26,2008-10-31
1038,485,2177,2006-04-20,2006-05-02
1039,211,4529,2003-10-18,2003-10-29
1040,256,2618,2012-03-23,2012-04-01
1041,499,2834,2018-04-12,2018-04-17
1042,463,4641,2001-04-25,2001-05-01
1043,230,3267,2001-02-25,2001-03-08
1044,338,156,2013-03-25,2013-04-08
1045,358,1071,2005-04-24,2005-05-06
1046,188,3839,2008-11-22,2008-12-01
1047,279,1045,2010-04-19,2010-05-02
1048,272,3609,2005-05-17,2005-05-23
1049,500,800,2016-03-13,2016-03-19
1050,345,1561,2007-04-29,2007-05-02
1051,340,3492,2001-04-21,2001-04-28
1052,201,3931,2004-11-12,2004-11-21
1053,175,2872,2014-03-05,2014-03-13
1054,148,4132,2018-08-27,2018-09-06
1055,319,3593,2019-09-02,2019-09-13
1056,356,2026,2009-02-06,2009-02-21
1057,481,4791,2018-08-01,2018-08-05
1058,71,1811,2000-11-09,2000-11-15
1059,475,1988,2010-08-20,2010-08-22
1060,34,2148,2004-10-24,2004-10-29
1061,406,4096,2011-01-28,2011-02-09
1062,55,1341,2020-10-25,2020-11-05
1063,396,3243,2012-12-10,2012-12-19
1064,329,4947,2022-03-16,2022-03-28
1065,322,2439,2007-02-03,2007-02-11
1066,74,462,2004-01-14,2004-01-18
1067,483,3073,2017-02-01,2017-02-14
1068,179,3266,2019-12-06,2019-12-08
1069,446,1111,2011-09-12,2011-09-19
1070,404,4031,2010-10-27,2010-11-05
1071,346,1164,2004-04-01,2004-04-16
1072,202,974,2020-03-29,2020-04-08
1073,374,1715,2007-04-19,2007-04-27
1074,488,4619,2001-04-16,2001-04-17
1075,133,4722,2003-06-19,2003-06-23
1076,223,3950,2004-10-24,2004-10-28
1077,82,3363,2017-10-25,2017-11-08
1078,197,2160,2005-01-26,2005-02-09
1079,7,382,2000-02-13,2000-02-14
1080,270,1339,2009-05-21,2009-06-01
1081,30,4037,2011-04-23,2011-04-26
1082,86,4417,2009-02-28,2009-03-04
1083,17,1245,2011-06-27,2011-06-29
1084,488,3568,2001-04-22,2001-04-29
1085,350,43,2013-04-13,2013-04-28
1086,418,4229,2015-12-02,2015-12-15
1087,171,2860,2020-10-23,2020-10-28
1088,60,4334,2014-10-04,2014-10-19
1089,86,512,2002-01-19,2002-01-29
1090,198,4835,2022-02-15,2022-02-25
1091,106,310,2014-03-12,2014-03-19
1092,301,2027,2019-08-01,2019-08-02
1093,232,127,2018-11-23,2018-12-03
1094,259,4262,2005-04-10,2005-04-18
1095,368,361,2012-03-09,2012-03-21
1096,233,3079,2009-04-03,2009-04-06
1097,479,3717,2010-04-28,2010-05-13
1098,378,28,2004-08-23,2004-09-06
1099,280,2083,2016-06-11,2016-06-15
1100,215,4352,2000-04-13,2000-04-28
1101,183,1837,2015-11-26,2015-12-10
1102,101,3008,2021-01-06,2021-01-09
1103,306,742,2008-10-05,2008-10-10
1104,482,610,2005-10-16,2005-10-21
1105,429,66,2013-05-28,2013-06-12
1106,424,4119,2016-12-05,2016-12-20
1107,458,768,2001-08-18,2001-08-27
1108,479,439,2001-01-30,2001-02-05
1109,234,4199,2018-12-27,2019-01-05
1110,51,610,2007-07-05,2007-07-12
1111,161,1857,2016-01-09,2016-01-23
1112,251,1675,2003-12-21,2003-12-30
1113,379,4597,2007-06-10,2007-06-17
1114,219,2239,2012-03-11,2012-03-24
1115,136,4053,2007-01-09,2007-01-17
1116,341,3303,2016-05-17,2016-05-20
1117,63,1768,2015-08-01,2015-08-13
1118,333,2812,2003-08-05,2003-08-17
1119,369,756,2021-09-09,2021-09-18
1120,25,4190,2016-05-02,2016-05-13
1121,445,4266,2002-06-25,2002-06-28
1122,101,4449,2006-08-06,2006-08-12
1123,477,2716,2021-08-23,2021-08-30
1124,19,4039,2021-03-24,2021-04-01
1125,74,1062,2009-11-19,2009-11-25
1126,478,1796,2020-04-02,2020-04-12
1127,156,2898,2005-09-21,2005-09-25
1128,316,2543,2000-04-22,2000-05-05
1129,15,490,2002-10-24,2002-11-01
1130,462,4830,2015-05-26,2015-05-30
1131,9,374,2014-01-16,2014-01-20
1132,17,1071,2002-11-01,2002-11-05
1133,199,2334,2019-02-10,2019-02-18
1134,373,3803,2001-10-20,2001-10-31
1135,463,4683,2003-09-29,2003-10-11
1136,430,4514,2006-05-04,2006-05-14
1137,72,1395,2003-08-06,2003-08-20
1138,422,4390,2015-04-14,2015-04-28
1139,273,2768,2009-12-17,2009-12-29
1140,447,3197,2012-03-16,2012-03-23
1141,371,31,2006-04-15,2006-04-28
1142,483,4367,2004-10-11,2004-10-15
1143,328,2671,2002-04-03,2002-04-12
1144,203,4243,2020-12-16,2020-12-28
1145,180,2624,2004-04-15,2004-04-21
1146,25,3140,2015-11-04,2015-11-11
1147,232,4747,2020-04-17,2020-04-20
1148,167,3766,2001-10-18,2001-10-29
1149,273,3557,2017-03-07,2017-03-21
1150,314,1606,2011-09-07,2011-09-18
1151,78,4997,2005-07-10,2005-07-17
1152,257,1718,2006-01-28,2006-02-11
1153,461,1305,2017-07-04,2017-07-17
1154,332,1905,2017-06-21,2017-07-01
1155,354,3151,2012-05-11,2012-05-17
1156,427,1084,2005-03-27,2005-04-02
1157,336,328,2019-04-19,2019-05-01
1158,13,465,2007-01-19,2007-01-27
1159,135,1378,2008-09-26,2008-09-29
1160,428,702,2020-05-13,2020-05-21
1161,198,3860,2007-01-01,2007-01-11
1162,412,663,2020-01-10,2020-01-18
1163,486,4445,2009-03-12,2009-03-24
1164,137,1088,2006-11-26,2006-12-10
1165,168,1330,2009-05-14,2009-05-22
1166,47,1667,2021-04-24,2021-05-07
1167,162,1025,2001-08-24,2001-08-29
1168,322,637,2013-04-26,2013-05-09
1169,88,2164,2006-12-04,2006-12-18
1170,98,4482,2001-04-01,2001-04-15
1171,261,3859,2013-02-19,2013-02-22
1172,396,3857,2010-12-16,2010-12-20
1173,8,1393,2013-02-12,2013-02-27
1174,499,1833,2012-06-14,2012-06-17
1175,362,2262,2021-08-01,2021-08-05
1176,314,1230,2009-10-25,2009-10-26
1177,83,1840,2012-05-12,2012-05-19
1178,358,225,2015-03-02,2015-03-14
1179,420,2056,2010-12-05,2010-12-19
1180,94,3169,2008-12-26,2008-12-28
1181,43,51,2002-12-03,2002-12-09
1182,350,4087,2009-12-03,2009-12-15
1183,496,3623,2002-09-18,2002-09-22
1184,199,1645,2010-11-04,2010-11-16
1185,260,914,2000-01-28,2000-01-31
1186,174,2827,2009-11-23,2009-11-28
1187,177,2763,2015-12-09,2015-12-13
1188,7,3392,2017-03-03,2017-03-11
1189,123,1772,2010-05-02,2010-05-15
1190,79,3757,2011-05-02,2011-05-06
1191,476,2969,2004-05-19,2004-05-21
1192,47,292,2022-04-13,2022-04-16
1193,457,1425,2000-10-01,2000-10-14
1194,156,853,2006-12-25,2006-12-28
1195,212,3974,2000-07-09,2000-07-11
1196,395,1305,2000-07-24,2000-08-01
1197,128,1490,2008-03-12,2008-03-18
1198,248,2472,2015-02-11,2015-02-24
1199,46,3056,2013-10-17,2013-10-24
1200,226,3409,2018-08-13,2018-08-21
1201,114,3572,2011-01-16,2011-01-20
1202,132,1996,2013-04-03,2013-04-04
1203,179,237,2010-10-03,2010-10-08
1204,35,1593,2002-01-04,2002-01-09
1205,364,1509,2001-10-02,2001-10-16
1206,483,3624,2015-03-01,2015-03-05
1207,89,3359,2008-07-06,2008-07-19
1208,70,1336,2003-10-01,2003-10-07
1209,14,863,2008-05-23,2008-06-01
1210,430,3507,2006-03-28,2006-04-12
1211,13,3817,2005-10-01,2005-10-03
1212,426,2184,2001-04-11,2001-04-12
1213,449,1875,2006-04-20,2006-04-29
1214,288,4773,2020-10-08,2020-10-14
1215,59,1931,2004-07-17,2004-07-26
1216,397,1154,2020-10-30,2020-11-08
1217,61,4765,2009-04-30,2009-05-09
1218,66,3756,2009-08-17,2009-08-28
1219,53,782,2021-09-12,2021-09-20
1220,61,546,2010-05-08,2010-05-12
1221,288,2651,2004-03-02,2004-03-10
1222,388,1573,2015-10-14,2015-10-27
1223,191,3303,2010-02-15,2010-02-21
1224,5,4611,2011-12-28,2012-01-12
1225,352,646,2006-11-18,2006-11-26
1226,48,2578,2021-08-11,2021-08-13
1227,204,292,2003-03-25,2003-04-06
1228,417,3868,2020-10-12,2020-10-21
1229,245,3708,2022-03-27,2022-04-11
1230,325,1946,2004-05-07,2004-05-13
1231,348,1225,2019-02-07,2019-02-15
1232,307,793,2005-11-19,2005-12-02
1233,56,1692,2018-03-16,2018-03-28
1234,260,3209,2013-04-12,2013-04-25
1235,341,2421,2005-03-22,2005-03-30
1236,96,1646,2017-10-13,2017-10-22
1237,316,1963,2019-04-21,2019-05-02
1238,454,2057,2006-10-15,2006-10-25
1239,343,3439,2007-03-02,2007-03-04
1240,35,2549,2005-11-11,2005-11-24
1241,331,104,2007-01-04,2007-01-14
1242,420,3875,2019-06-03,2019-06-06
1243,309,2190,2013-11-15,2013-11-28
1244,115,1294,2005-03-28,2005-03-29
1245,218,3749,2012-01-26,2012-02-08
1246,295,3815,2019-12-12,2019-12-26
1247,373,2139,2013-04-29,2013-05-12
1248,393,2685,2016-12-23,2017-01-06
1249,116,1656,2008-08-15,2008-08-29
1250,497,4660,2001-10-05,2001-10-09
1251,24,3912,2006-02-21,2006-02-28
1252,382,4913,2018-12-13,2018-12-25
1253,240,3778,2010-01-27,2010-02-07
1254,250,4652,2001-07-14,2001-07-20
1255,139,1071,2009-09-24,2009-09-28
1256,110,4638,2014-02-09,2014-02-17
1257,338,4639,2010-05-12,2010-05-23
1258,414,229,2015-06-20,2015-06-22
1259,186,1306,2004-08-17,2004-08-29
1260,153,3932,2001-05-26,2001-05-27
1261,399,504,2019-08-25,2019-08-29
1262,150,3580,2013-10-11,2013-10-14
1263,394,4127,2013-05-24,2013-06-04
1264,357,4662,2001-05-08,2001-05-19
1265,274,931,2020-11-24,2020-11-27
1266,460,3508,2015-12-04,2015-12-05
1267,322,2545,2021-12-02,2021-12-16
1268,439,2877,2020-02-11,2020-02-19
1269,412,3751,2018-08-18,2018-08-27
1270,81,2480,2001-01-31,2001-02-10
1271,172,214,2011-11-27,2011-12-05
1272,450,2618,2007-03-27,2007-03-29
1273,70,1096,2005-06-07,2005-06-11
1274,52,2343,2017-07-19,2017-07-27
1275,134,3782,2014-06-29,2014-07-02
1276,275,3760,2002-09-29,2002-10-04
1277,376,4326,2007-01-06,2007-01-10
1278,391,2208,2019-02-09,2019-02-13
1279,42,2331,2016-10-08,2016-10-17
1280,460,4227,2015-08-27,2015-09-08
1281,238,4577,2003-02-21,2003-03-03
1282,352,1119,2013-02-10,2013-02-17
1283,318,2345,2013-09-09,2013-09-19
1284,195,2013,2017-03-09,2017-03-21
1285,486,2733,2020-06-17,2020-06-20
1286,498,279,2016-01-06,2016-01-20
1287,456,1028,2019-04-21,2019-05-02
1288,235,2842,2009-09-21,2009-09-22
1289,153,4607,2001-09-07,2001-09-21
1290,476,4971,2008-04-02,2008-04-15
1291,81,774,2021-10-28,2021-11-03
1292,158,3451,2017-11-10,2017-11-23
1293,100,1137,2005-08-29,2005-09-03
1294,151,1672,2004-06-24,2004-07-09
1295,378,4571,2017-10-28,2017-11-12
1296,193,1762,2017-04-10,2017-04-12
1297,393,3251,2018-05-23,2018-06-05
1298,306,3950,2001-01-02,2001-01-15
1299,198,875,2002-05-04,2002-05-14
1300,397,1858,2006-08-29,2006-09-05
1301,447,1752,2011-10-17,2011-10-31
1302,135,4701,2009-01-21,2009-02-02
1303,337,4351,2020-04-20,2020-05-01
1304,479,920,2019-01-13,2019-01-21
1305,331,3097,2005-01-13,2005-01-16
1306,314,986,2015-10-11,2015-10-19
1307,135,3777,2019-08-19,2019-08-28
1308,235,1089,2008-03-06,2008-03-13
1309,13,1461,2010-11-09,2010-11-23
1310,10,4987,2005-02-21,2005-03-06
1311,349,2968,2002-07-13,2002-07-26
1312,258,3115,2000-06-08,2000-06-10
1313,24,1481,2021-08-30,2021-09-01
1314,165,4777,2006-05-23,2006-06-07
1315,187,4244,2010-12-10,2010-12-22
1316,343,2061,2016-09-17,2016-09-24
1317,351,4563,2021-10-26,2021-10-29
1318,475,2336,2011-02-11,2011-02-14
1319,193,4812,2018-01-16,2018-01-24
1320,352,3412,2017-12-13,2017-12-25
1321,425,3890,2003-09-20,2003-09-24
1322,81,2050,2011-06-19,2011-06-26
1323,118,377,2003-02-26,2003-02-27
1324,393,4109,2003-02-23,2003-03-08
1325,348,3392,2022-03-28,2022-04-05
1326,65,392,2016-01-02,2016-01-03
1327,268,134,2021-07-10,2021-07-17
1328,349,114,2020-02-20,2020-02-27
1329,263,4041,2021-09-12,2021-09-24
1330,274,134,2014-09-08,2014-09-11
1331,285,182,2009-11-07,2009-11-18
1332,19,2310,2009-01-18,2009-01-22
1333,431,462,2020-07-20,2020-07-24
1334,354,1574,2000-06-17,2000-06-18
1335,14,1407,2013-04-02,2013-04-09
1336,388,2862,2016-11-20,2016-12-05
1337,124,2305,2021-09-24,2021-10-04
1338,34,3359,2001-01-14,2001-01-27
1339,466,4328,2021-11-25,2021-12-07
1340,331,2720,2019-01-16,2019-01-19
1341,66,1841,2007-03-20,2007-03-23
1342,278,4045,2021-02-10,2021-02-20
1343,378,4960,2021-10-10,2021-10-13
1344,107,1370,2010-01-15,2010-01-22
1345,287,3064,2022-03-17,2022-03-23
1346,61,4699,2009-05-19,2009-05-31
1347,328,4233,2001-12-27,2002-01-09
1348,45,1988,2015-03-11,2015-03-25
1349,64,2849,2007-10-20,2007-10-30
1350,295,435,2002-01-01,2002-01-11
1351,179,3283,2015-08-09,2015-08-22
1352,408,3709,2011-01-15,2011-01-23
1353,231,3165,2005-08-15,2005-08-27
1354,161,2708,2001-04-27,2001-05-03
1355,308,1181,2017-04-09,2017-04-10
1356,171,1493,2002-01-06,2002-01-09
1357,219,2053,2005-06-07,2005-06-17
1358,136,2387,2016-12-23,2016-12-29
1359,417,556,2001-11-29,2001-12-05
1360,338,2563,2005-03-10,2005-03-12
1361,347,3860,2005-10-06,2005-10-09
1362,243,4042,2002-02-01,2002-02-13
1363,320,4894,2003-05-24,2003-06-06
1364,207,4472,2004-04-13,2004-04-27
1365,256,944,2001-05-27,2001-06-03
1366,44,455,2018-09-13,2018-09-26
1367,364,4043,2021-08-04,2021-08-18
1368,374,4137,2013-01-14,2013-01-26
1369,332,2469,2021-02-22,2021-03-02
1370,346,4796,2001-06-18,2001-06-22
1371,333,2869,2009-08-31,2009-09-05
1372,61,955,2011-10-22,2011-10-23
1373,332,4579,2010-10-28,2010-11-12
1374,480,1875,2017-03-01,2017-03-03
1375,366,2534,2007-05-23,2007-06-06
1376,94,3179,2009-10-24,2009-10-30
1377,232,3818,2018-07-12,2018-07-16
1378,198,624,2001-12-30,2002-01-05
1379,353,4483,2001-05-01,2001-05-11
1380,197,132,2018-12-23,2018-12-25
1381,203,1383,2013-04-04,2013-04-15
1382,281,80,2019-10-14,2019-10-21
1383,290,1467,2022-02-22,2022-03-07
1384,65,4098,2013-02-17,2013-03-02
1385,413,2926,2011-03-26,2011-04-07
1386,94,1641,2008-02-19,2008-02-24
1387,194,3242,2002-05-31,2002-06-06
1388,464,3486,2012-04-12,2012-04-23
1389,468,3497,2015-05-17,2015-05-28
1390,185,1378,2004-06-21,2004-06-29
1391,475,1701,2006-07-19,2006-07-22
1392,182,1792,2013-02-03,2013-02-14
1393,28,2137,2012-02-23,2012-03-06
1394,315,1111,2014-06-07,2014-06-10
1395,91,4420,2009-01-21,2009-01-28
1396,141,1889,2006-01-17,2006-01-24
1397,199,4077,2017-12-20,2018-01-04
1398,155,1302,2020-03-31,2020-04-12
1399,439,1469,2011-12-05,2011-12-06
1400,254,1398,2008-01-21,2008-02-05
1401,302,4850,2008-12-06,2008-12-17
1402,101,3784,2006-05-15,2006-05-20
1403,145,1726,2013-10-30,2013-11-03
1404,62,96,2002-12-28,2003-01-11
1405,186,1951,2019-10-29,2019-11-11
1406,423,4795,2018-08-06,2018-08-13
1407,125,4952,2011-10-25,2011-10-30
1408,121,1704,2020-08-15,2020-08-21
1409,44,2107,2021-06-16,2021-06-30
1410,228,4795,2020-11-27,2020-12-08
1411,347,1551,2022-03-27,2022-04-10
1412,436,3326,2012-07-03,2012-07-06
1413,401,2102,2012-08-19,2012-08-28
1414,235,2670,2003-05-20,2003-06-02
1415,303,4561,2002-05-06,2002-05-09
1416,316,3394,2012-09-06,2012-09-17
1417,364,3677,2010-04-15,2010-04-18
1418,177,134,2003-07-29,2003-08-08
1419,5,4513,2012-06-30,2012-07-12
1420,433,1530,2010-04-04,2010-04-11
1421,61,787,2004-05-25,2004-06-02
1422,392,356,2002-07-31,2002-08-11
1423,146,4385,2016-08-18,2016-08-20
1424,34,1424,2013-05-23,2013-06-01
1425,2,2679,2019-08-01,2019-08-02
1426,483,950,2001-06-09,2001-06-12
1427,482,3478,2014-05-29,2014-05-30
1428,69,1069,2012-07-29,2012-08-12
1429,114,336,2008-09-27,2008-10-10
1430,127,121,2004-01-10,2004-01-24
1431,170,3474,2004-09-28,2004-10-03
1432,379,3746,2005-07-05,2005-07-11
1433,152,4357,2012-10-07,2012-10-17
1434,414,3064,2007-08-16,2007-08-17
1435,247,1817,2016-08-23,2016-08-29
1436,393,4911,2017-03-06,2017-03-20
1437,84,3798,2021-10-30,2021-11-08
1438,340,1272,2014-12-23,2014-12-26
1439,45,1605,2013-05-05,2013-05-06
1440,375,2242,2020-02-10,2020-02-23
1441,213,1128,2014-03-30,2014-04-05
1442,264,1608,2004-04-21,2004-05-06
1443,163,3925,2013-01-21,2013-01-23
1444,417,2062,2017-12-25,2017-12-26
1445,427,4352,2012-03-10,2012-03-13
1446,435,4911,2001-11-26,2001-12-06
1447,465,1368,2009-03-30,2009-04-10
1448,401,2410,2004-05-27,2004-05-29
1449,310,854,2013-06-22,2013-06-30
1450,304,3209,2019-09-26,2019-09-27
1451,288,4225,2007-05-16,2007-05-24
1452,252,1735,2014-01-04,2014-01-05
1453,456,578,2014-04-11,2014-04-15
1454,497,1189,2014-09-24,2014-10-03
1455,153,3542,2012-08-13,2012-08-17
1456,409,1217,2009-06-10,2009-06-21
1457,33,2051,2016-03-24,2016-03-25
1458,475,4538,2006-01-07,2006-01-21
1459,401,149,2009-09-06,2009-09-10
1460,87,2194,2017-04-29,2017-05-13
1461,290,4222,2019-11-18,2019-11-21
1462,116,239,2018-10-17,2018-10-24
1463,479,4800,2011-05-14,2011-05-25
1464,46,3407,2016-06-25,2016-07-09
1465,119,4722,2011-08-17,2011-08-24
1466,167,4180,2016-06-26,2016-07-04
1467,94,581,2020-11-18,2020-12-01
1468,478,602,2013-05-21,2013-05-25
1469,111,4287,2015-05-10,2015-05-20
1470,443,2393,2020-09-17,2020-09-30
1471,255,1336,2003-07-22,2003-07-31
1472,345,2629,2001-06-01,2001-06-15
1473,13,678,2010-01-21,2010-01-26
1474,35,1260,2016-05-30,2016-06-06
1475,374,1745,2015-07-21,2015-07-30
1476,255,3161,2002-11-24,2002-11-25
1477,99,3148,2015-03-05,2015-03-12
1478,33,2231,2016-05-11,2016-05-15
1479,142,2065,2013-10-01,2013-10-02
1480,112,2146,2016-01-20,2016-01-24
1481,77,115,2018-09-07,2018-09-15
1482,45,3706,2020-12-11,2020-12-15
1483,258,4602,2004-01-26,2004-02-01
1484,216,119,2016-07-01,2016-07-04
1485,66,1264,2014-04-15,2014-04-26
1486,489,863,2007-10-13,2007-10-28
1487,407,1065,2013-11-09,2013-11-10
1488,265,3174,2014-09-16,2014-09-17
1489,426,2483,2016-09-14,2016-09-28
1490,194,3320,2016-06-17,2016-06-22
1491,221,483,2010-11-01,2010-11-05
1492,72,1704,2013-12-02,2013-12-03
1493,62,860,2007-10-16,2007-10-31
1494,267,1179,2004-07-16,2004-07-18
1495,408,3210,2016-02-10,2016-02-16
1496,69,4557,2012-07-12,2012-07-17
1497,236,4851,2019-09-12,2019-09-14
1498,29,3913,2006-02-01,2006-02-15
1499,328,4982,2001-10-02,2001-10-10
1500,319,2955,2006-04-19,2006-04-26
1501,356,1880,2005-06-06,2005-06-21
1502,101,4088,2002-06-15,2002-06-29
1503,445,282,2014-08-15,2014-08-20
1504,69,2476,2005-11-20,2005-11-30
1505,8,4698,2014-01-15,2014-01-21
1506,126,4928,2016-06-17,2016-06-24
1507,490,3330,2017-05-27,2017-05-29
1508,99,2970,2012-10-17,2012-10-31
1509,239,2059,2004-12-06,2004-12-16
1510,399,1313,2002-01-12,2002-01-22
1511,245,1514,2016-08-17,2016-08-21
1512,191,880,2017-06-22,2017-07-06
1513,340,966,2016-08-24,2016-09-03
1514,338,497,2001-12-14,2001-12-29
1515,166,733,2015-09-09,2015-09-22
1516,472,1418,2013-02-02,2013-02-09
1517,216,4247,2016-01-07,2016-01-20
1518,279,3276,2016-10-05,2016-10-09
1519,55,1031,2002-06-05,2002-06-06
1520,474,2228,2021-12-28,2022-01-01
1521,112,1955,2003-04-20,2003-04-28
1522,462,2267,2022-02-25,2022-03-07
1523,274,1918,2022-01-24,2022-02-05
1524,352,343,2020-11-27,2020-12-07
1525,366,1855,2004-10-20,2004-10-31
1526,381,4005,2009-12-21,2009-12-28
1527,455,4278,2001-10-24,2001-11-03
1528,365,836,2018-08-28,2018-08-31
1529,89,3208,2012-10-04,2012-10-10
1530,328,360,2018-10-10,2018-10-19
1531,369,764,2013-05-10,2013-05-22
1532,143,4041,2020-07-05,2020-07-18
1533,457,3279,2018-12-06,2018-12-07
1534,182,4040,2019-10-11,2019-10-18
1535,185,1347,2001-08-29,2001-08-30
1536,428,2936,2006-07-16,2006-07-25
1537,51,4893,2011-03-10,2011-03-14
1538,279,3206,2013-02-17,2013-02-27
1539,88,1366,2000-09-18,2000-09-27
1540,319,4788,2015-05-23,2015-05-27
1541,489,1303,2000-08-12,2000-08-22
1542,237,3871,2018-09-29,2018-10-03
1543,274,3221,2017-03-05,2017-03-17
1544,262,3676,2014-05-05,2014-05-17
1545,71,1035,2008-09-02,2008-09-06
1546,34,4903,2019-02-13,2019-02-22
1547,484,4399,2004-10-28,2004-11-05
1548,414,4011,2002-06-05,2002-06-07
1549,326,2258,2006-09-14,2006-09-23
1550,41,529,2003-08-09,2003-08-18
1551,399,3481,2013-10-05,2013-10-14
1552,240,3436,2012-10-15,2012-10-16
1553,318,321,2012-12-19,2013-01-01
1554,110,954,2014-04-07,2014-04-10
1555,468,201,2016-05-04,2016-05-13
1556,197,3474,2021-07-19,2021-08-01
1557,264,4842,2009-09-11,2009-09-25
1558,104,243,2019-09-05,2019-09-20
1559,76,1503,2015-10-16,2015-10-26
1560,195,167,2007-08-01,2007-08-14
1561,118,346,2001-03-06,2001-03-10
1562,255,2638,2011-10-19,2011-10-24
1563,204,3989,2001-08-08,2001-08-18
1564,388,4847,2020-05-12,2020-05-14
1565,335,1301,2006-03-13,2006-03-14
1566,191,1882,2010-11-07,2010-11-15
1567,421,874,2013-04-26,2013-05-08
1568,460,4115,2015-11-28,2015-12-02
1569,347,4324,2009-04-17,2009-05-02
1570,194,3916,2008-03-01,2008-03-12
1571,476,2698,2012-12-07,2012-12-22
1572,138,1080,2000-12-02,2000-12-13
1573,337,1701,2007-10-09,2007-10-12
1574,136,534,2004-02-09,2004-02-11
1575,493,776,2017-10-20,2017-10-31
1576,40,2425,2019-07-06,2019-07-07
1577,494,4791,2009-04-27,2009-05-10
1578,483,412,2006-06-15,2006-06-26
1579,43,4773,2008-04-17,2008-04-30
1580,379,2417,2016-05-09,2016-05-20
1581,340,1234,2017-12-02,2017-12-06
1582,397,1644,2004-10-04,2004-10-11
1583,186,175,2020-05-09,2020-05-13
1584,214,788,2016-05-16,2016-05-27
1585,57,4658,2003-07-06,2003-07-12
1586,176,2445,2019-06-02,2019-06-10
1587,38,2366,2021-01-14,2021-01-29
1588,206,1758,2010-03-31,2010-04-15
1589,341,2153,2002-08-13,2002-08-24
1590,391,959,2007-03-18,2007-03-25
1591,357,3744,2021-02-18,2021-03-04
1592,418,2352,2011-06-04,2011-06-09
1593,39,2313,2007-06-25,2007-06-28
1594,259,4190,2012-04-22,2012-04-23
1595,197,4992,2001-04-04,2001-04-07
1596,337,556,2006-04-08,2006-04-21
1597,197,4882,2006-10-22,2006-10-25
1598,263,694,2017-03-26,2017-04-06
1599,4,4331,2009-05-23,2009-06-02
1600,269,4713,2006-12-07,2006-12-09
1601,279,1533,2014-09-14,2014-09-19
1602,57,3375,2006-05-02,2006-05-13
1603,349,3782,2010-10-27,2010-11-04
1604,100,4632,2018-08-10,2018-08-13
1605,147,2281,2008-05-25,2008-06-05
1606,143,4775,2000-02-10,2000-02-15
1607,275,1649,2006-11-25,2006-11-26
1608,170,944,2011-02-25,2011-03-02
1609,106,3765,2022-01-13,2022-01-24
1610,138,1867,2012-01-03,2012-01-13
1611,210,2500,2006-09-22,2006-09-27
1612,101,4253,2017-08-09,2017-08-20
1613,266,2206,2020-01-05,2020-01-19
1614,470,3050,2006-11-11,2006-11-18
1615,107,1354,2014-08-02,2014-08-13
1616,62,4270,2005-07-12,2005-07-26
1617,165,901,2020-03-21,2020-03-22
1618,76,2613,2022-04-08,2022-04-13
1619,176,2301,2014-01-05,2014-01-08
1620,297,1734,2017-10-17,2017-10-23
1621,464,2522,2007-02-24,2007-03-11
1622,428,3,2004-08-04,2004-08-06
1623,321,4701,2008-01-03,2008-01-04
1624,402,607,2010-01-18,2010-01-28
1625,248,449,2014-12-05,2014-12-13
1626,333,1217,2009-08-01,2009-08-11
1627,50,3252,2019-08-01,2019-08-15
1628,321,353,2011-10-21,2011-10-23
1629,235,4802,2020-05-22,2020-05-27
1630,456,343,2017-08-16,2017-08-25
1631,206,4132,2003-10-18,2003-10-24
1632,378,3341,2003-11-16,2003-11-28
1633,132,2653,2001-01-22,2001-02-05
1634,335,3380,2005-10-05,2005-10-19
1635,50,4122,2003-06-23,2003-07-02
1636,89,2805,2010-09-16,2010-09-17
1637,144,1909,2005-05-24,2005-05-29
1638,178,1776,2013-04-02,2013-04-11
1639,459,3866,2001-03-21,2001-03-28
1640,233,2679,2009-08-16,2009-08-22
1641,441,1415,2018-03-30,2018-04-14
1642,343,2066,2021-04-19,2021-05-02
1643,381,4701,2004-01-18,2004-01-28
1644,477,1634,2006-09-14,2006-09-21
1645,83,1756,2010-09-30,2010-10-06
1646,42,3661,2000-05-12,2000-05-13
1647,256,271,2009-10-16,2009-10-19
1648,23,1283,2006-06-02,2006-06-05
1649,86,989,2002-06-30,2002-07-10
1650,15,699,2001-05-03,2001-05-07
1651,485,4263,2008-06-29,2008-07-14
1652,376,3055,2000-10-28,2000-11-10
1653,42,224,2014-01-11,2014-01-22
1654,29,3865,2001-07-01,2001-07-09
1655,393,716,2019-10-05,2019-10-15
1656,186,1960,2012-04-20,2012-04-27
1657,320,426,2006-09-06,2006-09-14
1658,77,3972,2019-10-03,2019-10-17
1659,13,1683,2011-04-02,2011-04-11
1660,272,3001,2009-12-17,2009-12-22
1661,284,1722,2012-11-11,2012-11-18
1662,182,3338,2011-11-01,2011-11-03
1663,490,1898,2019-06-15,2019-06-23
1664,130,3743,2014-12-19,2014-12-21
1665,411,4174,2008-01-22,2008-01-24
1666,10,1355,2004-10-04,2004-10-06
1667,352,2925,2010-07-08,2010-07-20
1668,401,2494,2007-08-04,2007-08-12
1669,112,592,2011-08-26,2011-09-06
1670,492,2004,2019-05-15,2019-05-26
1671,407,3098,2014-05-30,2014-06-13
1672,480,1144,2012-10-08,2012-10-21
1673,448,2338,2004-05-28,2004-05-29
1674,425,4209,2005-09-16,2005-09-28
1675,37,50,2000-05-12,2000-05-25
1676,475,758,2018-01-10,2018-01-19
1677,428,2428,2021-09-08,2021-09-19
1678,291,2222,2001-03-28,2001-04-07
1679,369,4297,2020-02-07,2020-02-19
1680,54,3639,2016-03-31,2016-04-03
1681,447,4064,2008-09-15,2008-09-23
1682,272,2719,2013-05-02,2013-05-04
1683,246,1806,2006-09-12,2006-09-26
1684,135,3345,2019-05-25,2019-05-29
1685,386,2185,2006-09-02,2006-09-03
1686,87,1613,2015-08-03,2015-08-10
1687,437,3491,2009-12-08,2009-12-22
1688,220,1837,2014-12-10,2014-12-15
1689,240,4615,2020-04-15,2020-04-16
1690,70,997,2020-04-02,2020-04-16
1691,217,1069,2007-11-02,2007-11-09
1692,222,4880,2011-12-05,2011-12-07
1693,460,178,2016-07-17,2016-07-20
1694,16,1645,2000-06-25,2000-07-01
1695,186,1393,2019-07-03,2019-07-04
1696,325,1306,2019-09-21,2019-10-03
1697,395,1358,2000-08-19,2000-08-26
1698,186,3625,2004-07-14,2004-07-24
1699,249,4288,2001-07-04,2001-07-08
1700,420,1607,2008-07-10,2008-07-11
1701,316,1367,2003-12-29,2004-01-03
1702,37,3385,2014-11-07,2014-11-15
1703,359,4039,2017-09-19,2017-09-20
1704,227,565,2013-05-22,2013-06-02
1705,486,2388,2012-03-23,2012-04-07
1706,293,23,2008-05-30,2008-06-02
1707,251,4452,2011-09-02,2011-09-03
1708,493,1834,2010-07-15,2010-07-22
1709,303,1845,2001-11-15,2001-11-20
1710,42,3287,2006-09-07,2006-09-12
1711,480,4055,2021-08-08,2021-08-18
1712,301,4986,2004-01-27,2004-02-03
1713,106,900,2004-10-22,2004-10-27
1714,369,515,2008-12-05,2008-12-15
1715,343,200,2009-08-23,2009-08-27
1716,445,3031,2001-03-29,2001-04-07
1717,116,2182,2021-11-07,2021-11-14
1718,422,1744,2001-02-22,2001-03-01
1719,141,376,2019-07-19,2019-07-26
1720,261,3936,2003-12-07,2003-12-16
1721,403,3488,2000-05-02,2000-05-17
1722,108,3151,2011-04-15,2011-04-17
1723,261,3221,2009-08-05,2009-08-15
1724,215,1118,2004-04-25,2004-05-09
1725,364,2737,2016-04-18,2016-04-25
1726,260,4271,2000-06-08,2000-06-19
1727,495,3988,2021-06-17,2021-07-01
1728,7,696,2004-04-24,2004-04-29
1729,112,2480,2016-12-03,2016-12-12
1730,24,1855,2005-09-18,2005-09-30
1731,376,2009,2011-11-22,2011-11-25
1732,341,3541,2010-03-25,2010-03-31
1733,296,4507,2001-07-03,2001-07-09
1734,42,551,2000-10-12,2000-10-26
1735,10,2673,2012-03-18,2012-03-23
1736,369,3589,2020-10-27,2020-11-03
1737,90,2178,2022-01-26,2022-02-02
1738,147,4825,2008-09-11,2008-09-15
1739,372,235,2001-06-01,2001-06-07
1740,341,3138,2001-06-19,2001-07-03
1741,67,3864,2016-08-08,2016-08-20
1742,395,4973,2017-08-04,2017-08-06
1743,167,4077,2018-04-13,2018-04-18
1744,481,4340,2017-08-28,2017-09-10
1745,81,4099,2016-02-22,2016-02-25
1746,198,4757,2016-07-21,2016-08-02
1747,435,1299,2018-03-30,2018-04-07
1748,353,3064,2007-05-22,2007-05-26
1749,368,2122,2006-10-17,2006-10-31
1750,179,106,2019-06-14,2019-06-25
1751,211,1682,2013-12-28,2014-01-04
1752,490,2330,2020-07-19,2020-08-02
1753,166,1330,2000-09-17,2000-09-20
1754,93,3971,2018-04-14,2018-04-19
1755,487,1505,2012-08-18,2012-08-19
1756,99,4524,2009-07-26,2009-07-31
1757,100,4302,2009-06-18,2009-06-22
1758,109,4300,2017-07-02,2017-07-05
1759,221,973,2011-12-10,2011-12-24
1760,147,4518,2022-04-26,2022-05-07
1761,52,577,2009-04-19,2009-05-01
1762,380,1143,2012-01-15,2012-01-30
1763,403,1392,2021-11-03,2021-11-06
1764,461,4050,2014-04-24,2014-04-25
1765,379,2656,2016-07-02,2016-07-10
1766,27,2585,2006-11-06,2006-11-12
1767,452,3667,2015-11-24,2015-11-29
1768,94,3145,2019-08-29,2019-09-09
1769,420,1262,2014-11-26,2014-11-29
1770,236,2015,2013-01-06,2013-01-13
1771,26,1595,2016-12-10,2016-12-21
1772,184,4568,2019-09-23,2019-10-04
1773,105,3610,2002-10-15,2002-10-16
1774,356,4645,2009-08-30,2009-09-04
1775,372,3938,2019-08-18,2019-08-31
1776,280,619,2020-12-03,2020-12-04
1777,204,602,2003-01-02,2003-01-14
1778,191,1467,2020-12-16,2020-12-25
1779,341,4824,2005-04-01,2005-04-12
1780,254,4353,2000-03-15,2000-03-18
1781,312,487,2014-11-10,2014-11-12
1782,140,675,2019-08-15,2019-08-18
1783,379,2428,2020-07-13,2020-07-27
1784,483,3267,2013-12-24,2013-12-26
1785,81,3100,2001-12-27,2002-01-10
1786,155,958,2006-12-19,2006-12-20
1787,165,4115,2000-08-17,2000-08-27
1788,379,1420,2015-03-19,2015-04-03
1789,22,873,2005-03-07,2005-03-19
1790,448,3548,2020-04-13,2020-04-19
1791,436,4537,2018-01-21,2018-01-30
1792,162,4183,2019-11-27,2019-11-30
1793,29,1779,2020-01-31,2020-02-05
1794,90,1519,2020-11-17,2020-12-02
1795,92,3263,2012-02-20,2012-02-21
1796,145,1838,2019-01-08,2019-01-10
1797,232,2677,2008-03-16,2008-03-20
1798,170,3190,2010-02-08,2010-02-13
1799,46,2162,2016-05-04,2016-05-09
1800,208,2391,2012-04-01,2012-04-13
1801,119,1499,2020-11-24,2020-12-06
1802,435,4681,2021-09-18,2021-09-22
1803,460,3879,2019-09-27,2019-10-09
1804,94,3132,2007-06-22,2007-06-29
1805,285,2696,2012-01-01,2012-01-03
1806,393,414,2012-11-13,2012-11-18
1807,433,1343,2016-08-07,2016-08-17
1808,481,734,2007-10-06,2007-10-10
1809,354,3371,2003-04-02,2003-04-07
1810,207,3507,2017-07-27,2017-08-05
1811,459,2883,2020-11-07,2020-11-18
1812,296,16,2010-12-21,2010-12-31
1813,431,533,2020-10-03,2020-10-14
1814,242,3904,2000-04-16,2000-04-19
1815,144,2923,2010-12-04,2010-12-15
1816,127,2350,2009-07-03,2009-07-13
1817,435,4933,2019-08-10,2019-08-23
1818,74,3354,2009-09-17,2009-09-22
1819,389,3083,2014-08-20,2014-08-31
1820,425,392,2022-02-28,2022-03-15
1821,197,263,2010-05-17,2010-05-19
1822,190,3368,2008-10-07,2008-10-16
1823,246,1382,2001-11-25,2001-12-04
1824,50,1520,2006-01-21,2006-01-31
1825,2,339,2017-12-15,2017-12-24
1826,41,964,2002-08-18,2002-08-30
1827,189,1182,2015-08-22,2015-08-25
1828,111,1669,2018-08-31,2018-09-13
1829,368,4738,2011-03-01,2011-03-13
1830,383,2134,2016-06-29,2016-07-04
1831,87,3893,2007-05-11,2007-05-12
1832,153,4368,2013-12-18,2013-12-26
1833,120,2370,2012-04-11,2012-04-26
1834,239,111,2014-08-21,2014-08-27
1835,86,542,2003-09-02,2003-09-16
1836,195,2911,2022-03-11,2022-03-24
1837,210,4206,2000-06-18,2000-06-27
1838,349,447,2021-04-30,2021-05-05
1839,79,2011,2022-04-14,2022-04-24
1840,329,1113,2020-07-01,2020-07-11
1841,185,3978,2017-01-02,2017-01-12
1842,278,3911,2011-06-06,2011-06-20
1843,411,1639,2013-07-25,2013-08-06
1844,252,1201,2000-11-19,2000-12-03
1845,236,1129,2011-02-03,2011-02-16
1846,462,523,2013-09-09,2013-09-17
1847,429,3401,2008-10-07,2008-10-09
1848,300,1688,2011-09-03,2011-09-09
1849,60,2300,2019-11-10,2019-11-22
1850,311,1985,2014-12-04,2014-12-10
1851,105,870,2012-02-27,2012-03-11
1852,429,3686,2016-12-25,2017-01-01
1853,477,1264,2002-06-07,2002-06-09
1854,95,1367,2020-11-26,2020-12-07
1855,434,3373,2002-12-03,2002-12-12
1856,122,1699,2000-05-25,2000-06-02
1857,342,3992,2017-06-09,2017-06-12
1858,450,3089,2005-06-20,2005-06-28
1859,314,2912,2006-10-19,2006-10-20
1860,360,3165,2002-04-24,2002-05-02
1861,37,1633,2022-03-12,2022-03-27
1862,75,4840,2006-05-25,2006-06-08
1863,340,2081,2014-02-04,2014-02-15
1864,190,1966,2021-01-12,2021-01-14
1865,214,3550,2015-07-15,2015-07-22
1866,207,3909,2003-02-08,2003-02-17
1867,11,3342,2003-03-08,2003-03-18
1868,88,3701,2015-03-07,2015-03-09
1869,263,2552,2004-05-27,2004-06-10
1870,184,3271,2016-09-02,2016-09-10
1871,291,1058,2003-07-07,2003-07-10
1872,464,1445,2019-11-14,2019-11-23
1873,117,2187,2012-08-12,2012-08-20
1874,181,3080,2012-08-01,2012-08-07
1875,225,662,2016-04-29,2016-05-11
1876,81,1032,2018-09-29,2018-10-03
1877,270,2219,2005-01-21,2005-01-28
1878,347,2260,2005-07-16,2005-07-22
1879,93,1638,2000-02-27,2000-03-07
1880,274,3409,2004-07-12,2004-07-20
1881,262,1815,2022-03-31,2022-04-07
1882,192,3667,2005-08-24,2005-09-06
1883,427,4519,2011-12-18,2011-12-30
1884,456,828,2002-09-13,2002-09-20
1885,428,1767,2001-08-25,2001-09-05
1886,146,3221,2012-07-26,2012-08-05
1887,283,366,2008-03-02,2008-03-07
1888,118,933,2005-10-06,2005-10-07
1889,184,4962,2009-08-19,2009-08-25
1890,130,4540,2020-10-30,2020-11-08
1891,170,1542,2013-06-25,2013-07-09
1892,33,4616,2019-01-28,2019-02-08
1893,191,3409,2004-05-27,2004-05-30
1894,333,1793,2006-06-20,2006-07-02
1895,311,3868,2010-08-01,2010-08-08
1896,367,206,2001-05-26,2001-05-31
1897,57,2975,2010-09-01,2010-09-07
1898,146,510,2021-06-09,2021-06-13
1899,343,2877,2010-07-11,2010-07-17
1900,403,3746,2022-02-20,2022-03-07
1901,464,3686,2014-11-26,2014-12-02
1902,292,2092,2004-10-29,2004-11-06
1903,379,3996,2001-11-17,2001-11-25
1904,196,4676,2014-03-07,2014-03-10
1905,206,117,2015-10-13,2015-10-25
1906,385,3160,2001-04-04,2001-04-19
1907,217,4815,2004-09-18,2004-09-26
1908,63,4791,2013-12-27,2014-01-06
1909,359,3450,2012-05-08,2012-05-11
1910,109,4038,2017-03-20,2017-04-02
1911,469,319,2021-07-04,2021-07-10
1912,8,3313,2003-10-01,2003-10-02
1913,329,2505,2008-03-10,2008-03-18
1914,449,4915,2002-05-14,2002-05-18
1915,142,618,2005-08-08,2005-08-15
1916,324,3423,2012-10-21,2012-11-01
1917,142,3122,2008-09-29,2008-10-05
1918,223,3771,2018-10-15,2018-10-23
1919,31,2367,2012-06-22,2012-06-25
1920,436,586,2008-12-29,2009-01-09
1921,423,3806,2007-01-16,2007-01-24
1922,474,1191,2020-02-22,2020-02-28
1923,14,4680,2020-02-25,2020-02-28
1924,265,4414,2020-10-20,2020-10-31
1925,11,3680,2021-04-04,2021-04-08
1926,230,4694,2000-03-17,2000-03-29
1927,58,1199,2004-06-27,2004-07-10
1928,342,1513,2020-08-09,2020-08-21
1929,163,565,2004-11-07,2004-11-17
1930,183,3490,2014-01-06,2014-01-14
1931,273,917,2015-05-15,2015-05-20
1932,12,471,2016-02-13,2016-02-16
1933,119,2954,2021-08-06,2021-08-14
1934,101,248,2020-12-06,2020-12-15
1935,181,1359,2003-11-30,2003-12-01
1936,488,3772,2022-01-17,2022-02-01
1937,475,2141,2016-05-23,2016-05-30
1938,207,3517,2000-02-18,2000-03-02
1939,123,805,2006-04-27,2006-05-08
1940,159,3154,2003-06-23,2003-07-05
1941,408,3677,2005-08-26,2005-09-04
1942,316,566,2017-08-15,2017-08-21
1943,118,1244,2003-04-17,2003-04-20
1944,146,4936,2004-07-06,2004-07-12
1945,47,3588,2011-03-20,2011-04-01
1946,253,3416,2019-09-13,2019-09-19
1947,331,3463,2015-11-11,2015-11-17
1948,264,4849,2001-09-19,2001-09-29
1949,134,605,2016-11-04,2016-11-19
1950,137,3393,2003-10-26,2003-10-28
1951,495,2771,2020-03-15,2020-03-28
1952,182,1835,2014-12-13,2014-12-23
1953,401,2036,2009-02-27,2009-03-12
1954,144,3300,2008-01-05,2008-01-10
1955,317,3661,2021-01-13,2021-01-15
1956,500,3241,2016-12-01,2016-12-06
1957,105,2717,2016-08-28,2016-09-11
1958,348,1180,2019-08-30,2019-08-31
1959,90,2525,2016-01-04,2016-01-08
1960,84,3708,2006-06-21,2006-06-26
1961,86,4327,2010-11-10,2010-11-15
1962,3,3076,2004-02-16,2004-02-26
1963,285,4087,2001-02-15,2001-03-01
1964,37,1576,2012-03-25,2012-04-08
1965,115,1276,2021-01-22,2021-02-05
1966,466,4046,2013-07-12,2013-07-15
1967,21,4373,2010-02-24,2010-02-28
1968,366,3532,2021-01-10,2021-01-14
1969,88,1984,2003-03-06,2003-03-15
1970,66,2331,2013-01-06,2013-01-17
1971,456,561,2011-08-20,2011-09-04
1972,12,496,2017-11-09,2017-11-22
1973,166,2890,2010-08-21,2010-08-26
1974,406,710,2017-06-07,2017-06-18
1975,424,4069,2000-02-03,2000-02-15
1976,138,460,2013-11-22,2013-11-28
1977,439,3595,2003-05-13,2003-05-18
1978,327,2754,2007-08-02,2007-08-17
1979,113,2189,2014-09-21,2014-10-04
1980,90,1148,2021-10-13,2021-10-28
1981,343,2862,2009-07-18,2009-07-23
1982,292,2501,2014-07-16,2014-07-28
1983,356,2955,2006-05-25,2006-06-05
1984,330,2058,2007-10-16,2007-10-27
1985,15,3660,2012-08-16,2012-08-23
1986,410,3170,2012-03-26,2012-04-06
1987,447,2716,2000-02-11,2000-02-13
1988,83,4495,2008-01-14,2008-01-23
1989,256,4153,2020-12-08,2020-12-18
1990,214,1779,2020-06-07,2020-06-08
1991,280,3011,2003-07-24,2003-08-02
1992,286,2261,2005-11-28,2005-12-07
1993,331,3948,2012-08-28,2012-08-30
1994,8,709,2012-08-01,2012-08-08
1995,424,3930,2002-09-21,2002-09-23
1996,299,2760,2021-07-31,2021-08-03
1997,52,2050,2011-02-24,2011-02-25
1998,222,1266,2006-09-10,2006-09-16
1999,151,4906,2008-01-24,2008-02-02
2000,318,446,2002-04-22,2002-04-26
